year,-90,-89,-88,-87,-86,-85,-84,-83,-82,-81,-80,-79,-78,-77,-76,-75,-74,-73,-72,-71,-70,-69,-68,-67,-66,-65,-64,-63,-62,-61,-60,-59,-58,-57,-56,-55,-54,-53,-52,-51,-50,-49,-48,-47,-46,-45,-44,-43,-42,-41,-40,-39,-38,-37,-36,-35,-34,-33,-32,-31,-30,-29,-28,-27,-26,-25,-24,-23,-22,-21,-20,-19,-18,-17,-16,-15,-14,-13,-12,-11,-10,-9,-8,-7,-6,-5,-4,-3,-2,-1,0,1,2,3,4,5,6,7,8,9,10,11,12,13,14,15,16,17,18,19,20,21,22,23,24,25,26,27,28,29,30,31,32,33,34,35,36,37,38,39,40,41,42,43,44,45,46,47,48,49,50,51,52,53,54,55,56,57,58,59,60,61,62,63,64,65,66,67,68,69,70,71,72,73,74,75,76,77,78,79,80,81,82,83,84,85,86,87,88,89,90
1930,0.023541405471845245,0.013817734788358571,0.04708281094369049,0.035823890624005594,0.04708281094369049,0.03633567304024332,0.014841299620833803,0.02200605822313184,0.03684745545648127,0.06294777300951493,0.051688755077315074,0.09314225227993522,0.09109512261498454,0.09928344604975825,0.10440117259962012,0.11412484328310724,0.07164787886052615,0.09109512261498454,0.1084953343170072,0.09416571949989594,0.1003070108822337,0.11668365775178069,0.10798355190076969,0.07881263746282419,0.08546561364888472,0.08034798471153737,0.10133057571470916,0.10133057571470916,0.0839303640126865,0.07778907263034873,0.037359237872718776,0.04401221405877931,0.01740011408950748,0.031217946490381232,0.03172972890661874,0.0593653937083658,0.05117707027359231,0.06141242576080175,0.06704193472690156,0.05629469921093966,0.06397133784199038,0.058341828875890345,0.0736949109129621,0.08188323434773581,0.08137145193149786,0.09365403469617317,0.09416571949989594,0.08341858159644877,0.075742040577913,0.09211868744745999,0.10695998706829402,0.11361306086686951,0.11873078741673138,0.11156593120191838,0.1003070108822337,0.08444214642892423,0.08597739606512222,0.08955987297878654,0.07778907263034873,0.058341828875890345,0.032241511322856464,0.046059343723729995,0.02917091443794506,0.009723573070971714,-0.005629508966099928,-0.03377695618408472,-0.04861825580491863,-0.006141291382337655,-0.018423776534498004,-0.006141291382337655,-0.0475946909724434,-0.04708290855620545,-0.058341926488405194,-0.09570116436112419,-0.07318322610923955,-0.08341867920896384,-0.06857728197561486,-0.08495402645767702,-0.12180148191415796,-0.10081889091098639,-0.127430990880258,-0.13510753189879376,-0.12282504674663342,-0.09211878505997506,-0.09007165539502415,-0.0859774936776374,-0.10184245574346185,-0.11258959364690901,-0.13306040223384286,-0.12333682916287114,-0.14943704910338995,-0.14790179946719184,-0.1765609314888993,-0.2047083299006266,-0.19191406233222852,-0.17400211702022572,-0.15250774360081631,-0.1356193143150315,-0.15660190531820317,-0.14739001705095411,-0.12947802293269384,-0.13306040223384286,-0.11975435224920705,-0.127430990880258,-0.13766634636746744,-0.14994883151962768,-0.16171963186806537,-0.14022525844865597,-0.13203693501388247,-0.1468782346347164,-0.15967250220311446,-0.15916071978687674,-0.18270217406497946,-0.18219044045499921,-0.1949847080233973,-0.20419654748438887,-0.21033779006046904,-0.23541459158728495,-0.261003126724081,-0.22671448573627362,-0.2210849767701737,-0.21238487091916236,-0.23848518847219624,-0.2343910267548095,-0.22415562246134246,-0.24002048691465183,-0.24667351190696984,-0.22927330020494718,-0.21494373419409352,-0.18884341664105952,-0.184749254923673,-0.17451389943646345,-0.2277380017624916,-0.16939617288660125,-0.17758449632137474,-0.18935519905729736,-0.19907886974078415,-0.18986698147353498,-0.20880249161801334,-0.19907886974078415,-0.20880249161801334,-0.19242584474846625,-0.19242584474846625,-0.17758449632137474,-0.15967250220311446,-0.16069606703558992,-0.16479022875297666,-0.18014331079004842,-0.17246676977151254,-0.17144320493903709,-0.17297855218775027,-0.16888439047036352,-0.16427844633673894,-0.16990795530283898,-0.16734904322165034,-0.13203693501388247,-0.11821910261300894,-0.1156601905318203,-0.1207779170816825,-0.11258959364690901,-0.127430990880258,-0.11975435224920705,-0.10798364951328443,-0.09365413230868824,-0.07011262922432804,-0.08034808232405244,-0.07011262922432804,-0.07727738782662608,-0.10337770537965996,-0.10440127021213541,-0.11258959364690901,-0.09467759952864874,-0.11361315847938447,-0.09109522022749961,-0.09314234989245052,-0.10337770537965996,-0.10951899676199761,-0.11361315847938447,-0.09058343781126188,-0.10030710849474866,-0.08853640575882604
1934,0.005035169740577716,-0.012084580248857946,-0.024169256537422634,-0.027190377589710546,-0.011077603924566248,-0.0020141447279962144,-0.005035265780284015,0.0010069763242916974,0.0060422421045758234,-0.0020141447279962144,0.0,-0.02114803944542809,-0.02517623286171433,-0.009063459196570034,-0.019133990757138508,-0.04632427230714253,-0.08459215778171314,-0.0946626893422815,-0.08660630250970924,-0.15810680767856644,-0.13393755114114358,-0.12688823667256977,-0.12588116430857155,-0.09869088275856752,-0.09264854461428518,-0.10372614853885176,-0.12286004325628375,-0.12487418798428007,-0.11077546300742558,-0.08056396436542712,-0.10070493144685722,-0.07653577094914121,-0.08358508541771481,-0.08962742356199727,-0.08257810909342345,-0.08761327883400094,-0.0966767380305712,-0.07452172226085141,-0.05337368281542321,-0.05840885255600037,-0.041289006526858296,-0.05438065913971457,-0.05941592491999881,-0.06747231175257085,-0.07754284331313921,-0.07854991567713754,-0.08761327883400094,-0.07250757753285497,-0.09164147225028696,-0.10171200381085543,-0.12386711562028185,-0.12185297089228553,-0.11883184983999773,-0.12185297089228553,-0.14702920375399986,-0.1490433484819963,-0.14199393797371573,-0.11983892220399583,-0.1168177051120014,-0.09869088275856752,-0.10372614853885176,-0.07854991567713754,-0.08459215778171314,-0.0755286985851431,-0.08559923014571114,-0.11077546300742558,-0.10775434195513778,-0.11077546300742558,-0.1117825353714238,-0.09365561697828328,-0.10171200381085543,-0.11077546300742558,-0.08660630250970924,-0.07452172226085141,-0.09365561697828328,-0.08459215778171314,-0.08257810909342345,-0.08660630250970924,-0.09063449592599548,-0.09164147225028696,-0.0946626893422815,-0.0795568920014289,-0.10070493144685722,-0.11379658405971349,-0.11782477747599951,-0.11480365642371171,-0.11278951169571527,-0.1168177051120014,-0.10674726959113956,-0.09164147225028696,-0.07452172226085141,-0.08157103672942523,-0.06344411833628483,-0.07049352884456528,-0.07351464989685319,-0.09365561697828328,-0.0755286985851431,-0.08358508541771481,-0.0795568920014289,-0.08358508541771481,-0.0795568920014289,-0.06646523938857263,-0.041289006526858296,-0.05035246572342866,-0.0392749578385686,-0.0392749578385686,-0.05236661045142488,-0.04531729598285095,-0.03726081311057228,-0.0392749578385686,-0.04733134467114064,-0.057401876231709115,-0.07653577094914121,-0.0755286985851431,-0.08056396436542712,-0.08257810909342345,-0.07653577094914121,-0.07754284331313921,-0.09063449592599548,-0.09164147225028696,-0.08962742356199727,-0.08257810909342345,-0.08761327883400094,-0.08660630250970924,-0.05236661045142488,-0.04330315125485462,-0.042296078890856514,-0.04028203020256682,-0.042296078890856514,-0.03524676442228236,-0.04632427230714253,-0.04733134467114064,-0.049345489399136966,-0.06847938411656895,-0.07653577094914121,-0.09768381039456941,-0.09365561697828328,-0.0795568920014289,-0.0755286985851431,-0.06545826306428115,-0.07351464989685319,-0.07351464989685319,-0.0755286985851431,-0.07049352884456528,-0.08660630250970924,-0.09566976170627972,-0.09063449592599548,-0.08358508541771481,-0.08862035119799916,-0.0946626893422815,-0.10473312486314323,-0.11278951169571527,-0.10574019722714145,-0.09063449592599548,-0.09164147225028696,-0.09264854461428518,-0.09264854461428518,-0.08761327883400094,-0.05941592491999881,-0.07452172226085141,-0.08962742356199727,-0.09063449592599548,-0.10876131827942925,-0.11782477747599951,-0.11480365642371171,-0.11983892220399583,-0.11480365642371171,-0.12185297089228553,-0.14702920375399986,-0.1490433484819963,-0.13796574455742971,-0.13997988928542604,-0.16213500109485246,-0.17824777475999665,-0.17522665370770873,-0.18831821028085838,-0.17119846029142272,-0.18026182344828634,-0.16817724319942817,-0.1691843155634264,-0.1520644695342841
1938,-0.013651863802616737,0.01621156792272571,0.022184237993488898,0.035836183167632374,0.031569955386433035,0.014505125633162086,0.0008531804590183878,0.027303727605233474,0.019624533873379812,0.010238897851962525,0.023890761654579373,0.05375427475144878,0.08105800235668204,0.06911258084362903,0.06996584267417427,0.07081910450471951,0.09215016203919002,0.0767917745754827,0.04522181918904966,0.0648463530624297,0.05204775109035831,0.04522181918904966,0.05887368299166651,0.04948804697024922,0.056313978871557646,0.0802047405261368,0.08617741059689998,0.07935147869559156,0.06569961489297493,0.03839588728774124,0.017064829753270727,0.017064829753270727,0.030716693555887797,0.032423217216978495,0.031569955386433035,0.05034130880079446,0.04692834285014036,0.07081910450471951,0.06825940038461065,0.0767917745754827,0.06655287672352017,0.011092159682507985,0.027303727605233474,0.02901025126632395,0.017064829753270727,0.0460750810195949,0.0426621150689408,0.05887368299166651,0.048634785139703984,0.02559728531566985,0.02901025126632395,-0.0298635130968693,-0.035836183167632374,-0.004266227781199561,-0.024744023485124722,-0.018771353414361425,0.014505125633162086,0.02047779570392505,0.0025597041201088633,-0.030716774927414536,-0.05972694482221175,-0.06228673031384757,-0.02047787707545201,0.015358306092180252,0.044368557358504424,0.06825940038461065,0.0648463530624297,0.09726957027940775,0.09385660432875387,0.09641638982038958,0.1868600281984889,0.09556312798984412,0.12969278749638602,0.12201359376453236,0.11518766186322416,0.13054604932693126,0.11006825362300621,0.12713308337627716,0.13054604932693126,0.14334465129900265,0.14590443679063858,0.13139931115747672,0.1373719812282399,0.12116041330551397,0.12372011742562283,0.11774744735486009,0.12201359376453236,0.12542655971518668,0.12372011742562283,0.14590443679063858,0.17662113034652638,0.16894193661467272,0.14590443679063858,0.13907850488933038,0.1066552876723521,0.1194538896444235,0.09556312798984412,0.09897609394049844,0.08959045791908116,0.09215016203919002,0.09385660432875387,0.05546071704101241,0.06058020665275676,0.08617741059689998,0.07593851274493746,0.0648463530624297,0.05802042116112105,0.06655287672352017,0.06996584267417427,0.057167240702102884,0.05119448925981307,0.06313991077286585,0.07423207045537383,0.09726957027940775,0.09982935577104368,0.10068253623006185,0.08191126418722727,0.0802047405261368,0.0733788086248286,0.08105800235668204,0.09300342386973526,0.08617741059689998,0.09641638982038958,0.12030715147496873,0.12116041330551397,0.1160409236937694,0.12883952566584078,0.11433448140420555,0.11518766186322416,0.09129690020864478,0.09300342386973526,0.07252554679428336,0.06399317260341131,0.05204775109035831,0.07764503640602793,0.08617741059689998,0.08447096830733636,0.09215016203919002,0.08788393425799046,0.017918091583815965,0.022184237993488898,0.01621156792272571,-0.01621164929425256,0.01194534014152615,0.037542625457196,0.04948804697024922,0.0341296595065419,0.056313978871557646,0.04948804697024922,0.06399317260341131,0.05119448925981307,0.0648463530624297,0.04948804697024922,0.05204775109035831,0.05460745521046695,0.056313978871557646,0.0648463530624297,0.05802042116112105,0.037542625457196,0.043515295527959186,0.044368557358504424,0.06996584267417427,0.07764503640602793,0.08361770647679112,0.08361770647679112,0.08191126418722727,0.09726957027940775,0.09129690020864478,0.09641638982038958,0.11518766186322416,0.11006825362300621,0.11774744735486009,0.10238905989115232,0.1066552876723521,0.07593851274493746,0.0733788086248286,0.04180885323839556,0.019624533873379812,0.037542625457196,0.0025597041201088633,0.017064829753270727
1942,0.0012164567983807828,0.007299204865363063,0.009732350499663811,0.0012164567983807828,0.017031555365026874,0.026763905864690685,0.03771282918150498,0.03527979956597371,0.06082724863228384,0.07177617194909791,0.07055959913194765,0.06204370543066462,0.0729926287474787,0.07420920156462918,0.0729926287474787,0.06082724863228384,0.06447685106496537,0.06690999669926612,0.06326027824781488,0.04866175249831928,0.04987832531546954,0.04987832531546954,0.04866175249831928,0.0316300811145227,0.03406322674882345,0.04136254763295599,0.042579004431337,0.04014597481580573,0.03041362431614192,0.029197051498991433,0.032846653931672964,0.0316300811145227,0.03527979956597371,0.03527979956597371,0.038929401998655244,0.04379557724848726,0.05231135493100081,0.06204370543066462,0.06082724863228384,0.0571775301808326,0.05961067581513335,0.06204370543066462,0.05231135493100081,0.038929401998655244,0.045012150065637524,0.04744517968116879,0.04866175249831928,0.04866175249831928,0.04987832531546954,0.04866175249831928,0.04744517968116879,0.05596107338245182,0.051094898132619804,0.04379557724848726,0.038929401998655244,0.04014597481580573,0.045012150065637524,0.04622872288278801,0.045012150065637524,0.05352792774815107,0.05231135493100081,0.05596107338245182,0.06447685106496537,0.07785880399731071,0.0827249792471425,0.08150852244876172,0.07664234719892993,0.07664234719892993,0.08515812488144325,0.10097322344808934,0.11070557394775338,0.11070557394775338,0.11557174919758495,0.13138684776423126,0.13625302301406328,0.14963497594640862,0.14720194633087713,0.13260342058138175,0.13746959583121376,0.13746959583121376,0.15206812158070937,0.15085154876355888,0.15085154876355888,0.14720194633087713,0.15328457837909015,0.14233577108104556,0.13260342058138175,0.13138684776423126,0.13868605262959433,0.15328457837909015,0.14841840312925836,0.15085154876355888,0.16545007451305493,0.17883202744540005,0.16909967694573624,0.171532822580037,0.16423350169590467,0.15328457837909015,0.13868605262959433,0.14355222787942612,0.14233577108104556,0.15328457837909015,0.1399026254467448,0.13746959583121376,0.13260342058138175,0.13625302301406328,0.130170274947081,0.12895370212993051,0.13260342058138175,0.13625302301406328,0.13625302301406328,0.13138684776423126,0.13868605262959433,0.13868605262959433,0.1399026254467448,0.1399026254467448,0.14598537351372687,0.14841840312925836,0.15815086964769165,0.17883202744540005,0.17761557064701905,0.17761557064701905,0.1763989978298688,0.18004860026255054,0.18491477551238233,0.17396585219556804,0.17396585219556804,0.18734792114668308,0.18856449396383357,0.20681262214601048,0.20437947651170996,0.20316301971332917,0.20559604932886044,0.20681262214601048,0.21167879739584272,0.20802919496316097,0.21046222457869224,0.217761545462825,0.2274938959624888,0.23114349839517034,0.21897811827997526,0.22019457507835627,0.2384428192793029,0.2372262464621524,0.2530413450287987,0.2591240930957812,0.25790752027863073,0.2591240930957812,0.2700729003938258,0.2798053669122591,0.2798053669122591,0.2700729003938258,0.2688564435954446,0.2785887940951086,0.27737222127795835,0.2871045717776224,0.2956203494601355,0.29805349509443624,0.3150851664782328,0.31265202084393207,0.3150851664782328,0.296836922277286,0.29440389266175493,0.31873476891091435,0.3260339737762774,0.33454986747756044,0.33454986747756044,0.32846711941057793,0.31873476891091435,0.33576632427594144,0.3381994699102422,0.34428221797722425,0.33941604272739245,0.3321167218432599,0.3260339737762774,0.33941604272739245,0.34428221797722425,0.343065645160074,0.33941604272739245,0.3296836922277284,0.3272505465934279
1946,0.002175145016582114,0.008156690095560082,0.007612903841414553,0.005437758824832439,0.002175145016582114,-0.0016312550458140729,0.0038064000623956318,0.005437758824832439,0.0,-0.006525227616500873,-0.023925972882666846,-0.022838504090998635,-0.017400745266166084,-0.019032000311979824,-0.022294717836853106,-0.025013545390957903,-0.054377380815080034,-0.05328980830678898,-0.048395835736101955,-0.042958076911269405,-0.03969546310301897,-0.03425770427818642,-0.023382290345144163,-0.02066335907441641,-0.02011957282027088,-0.02610111789924907,-0.028819945453353868,-0.019575786566125353,-0.015225600249584081,-0.01848831777445714,-0.016856959012020778,-0.008700372633083098,-0.010331627678896838,-0.021750931582707578,-0.029907517961644925,-0.03153887672408162,-0.02610111789924907,-0.035345276786477475,-0.04513322192785163,-0.04404564941956046,-0.05002719449853865,-0.07993471246018335,-0.09026644385570293,-0.08863508509326634,-0.09461663017224442,-0.1843392877738017,-0.1593256905245325,-0.1305056932128673,-0.13866227959180477,-0.18379550151965607,-0.2066340056106546,-0.18162040836138538,-0.18325171526551054,-0.16748227690346984,-0.16258835619109435,-0.16911363566590654,-0.19521475356515539,-0.22077213706857002,-0.20119629864413346,-0.21642195075202864,-0.19956493988169688,-0.17890152894896905,-0.16965737006174064,-0.17835779455313505,-0.1865143809320724,-0.1886894740903432,-0.1843392877738017,-0.18542686028209276,-0.19467096731100975,-0.20065251238998794,-0.20989667127721645,-0.23219138911406934,-0.22077213706857002,-0.2044589124523839,-0.2001087261358424,-0.16802606315761537,-0.17128872882417723,-0.18379550151965607,-0.18597059467792687,-0.1843392877738017,-0.1908645672486139,-0.19684606046928055,-0.19630232607344644,-0.20065251238998794,-0.21750947140200827,-0.22457853713096598,-0.22131592332271555,-0.19303966040688458,-0.18053288771140563,-0.1663947562534901,-0.2022838192941132,-0.19575853981930091,-0.19249587415273894,-0.18760195344036357,-0.19467096731100975,-0.19032078099446836,-0.19902120548586277,-0.2071777918648,-0.20772157811894565,-0.2137030713396123,-0.2272974165433823,-0.2316476028599238,-0.22185965771854976,-0.21424685759375794,-0.20880909876892528,-0.20174003303996768,-0.21479064384790347,-0.21207176443548714,-0.19956493988169688,-0.20391512619823826,-0.20065251238998794,-0.16693854250763573,-0.16693854250763573,-0.16476344934936504,-0.17618270139486436,-0.1750951288865733,-0.17128872882417723,-0.17455134263242766,-0.1729200357283024,-0.15986947677867802,-0.1571505973662617,-0.1620445699369487,-0.16421966309521951,-0.1729200357283024,-0.17400760823659356,-0.1750951288865733,-0.16802606315761537,-0.17346382198244803,-0.17020115631588617,-0.16041326303282355,-0.16693854250763573,-0.1620445699369487,-0.16041326303282355,-0.17128872882417723,-0.19521475356515539,-0.19140835350275942,-0.19684606046928055,-0.19630232607344644,-0.18053288771140563,-0.18325171526551054,-0.18597059467792687,-0.1821641946155309,-0.17400760823659356,-0.1729200357283024,-0.16585096999934468,-0.15878190427038696,-0.14899401098732445,-0.15171283854142903,-0.14845022473317881,-0.14083737275007546,-0.1392060658459502,-0.1343120932752634,-0.13757475894182514,-0.12343657562559807,-0.127243079404617,-0.12234910683392997,-0.13376830702111775,-0.13757475894182514,-0.13648718643353397,-0.13648718643353397,-0.14681891782905365,-0.14518755906661696,-0.14083737275007546,-0.1479064384790333,-0.15878190427038696,-0.16802606315761537,-0.15823816987455286,-0.16095699742865777,-0.1620445699369487,-0.1620445699369487,-0.15225662479557467,-0.14899401098732445,-0.17563891514071872,-0.18379550151965607,-0.1908645672486139,-0.18597059467792687,-0.18814568783619767,-0.19630232607344644,-0.19412723291517564,-0.18379550151965607,-0.1799891014572601
1950,-0.0369961376981387,-0.023191610278238906,-0.025952578954330452,-0.016565496095991117,-0.011043664063994041,-0.024295997748675524,-0.02871344231023598,-0.04362235720057239,-0.06847044336428043,-0.07840971995783808,-0.06847044336428043,-0.07896191369305638,-0.057979078355690494,-0.041413582259699155,-0.027609054839799363,-0.02871344231023598,-0.03478746807745148,-0.04859199549735127,-0.04638322055647792,-0.03368308060701486,-0.023191610278238906,-0.014908914890336189,-0.004969638296778656,-0.008834889123120804,-0.0066262195024335835,0.001656475885469355,0.016565390775805433,0.019326254131711185,0.027609054839799585,0.020430641602147803,0.009387082858339557,0.009939276593557755,0.011595752479026666,0.012700139949463285,0.02374380401345766,0.031474305666141955,0.032578693136578574,0.031474305666141955,0.03920480731882625,0.03754833143335734,0.02374380401345766,0.02319161027823924,0.02374380401345766,0.017669778246242274,0.017117584511023853,0.02429589242848995,0.031474305666141955,0.02374380401345766,0.02650466736936319,0.0353395564924841,0.027609054839799585,0.04196577599491791,0.05411372220916277,0.05908336050594154,0.06515738627315693,0.0695748308347175,0.06626166842340764,0.06073983639141045,0.0695748308347175,0.07344008166105964,0.07233569419062302,0.056874585565068525,0.0717835004554046,0.07233569419062302,0.07399227539627784,0.08724460908095932,0.0855880278753045,0.10436219359198318,0.09828816782476779,0.11098841309441676,0.10436219359198318,0.09221424737773831,0.09663169193929844,0.09607949820408046,0.08834889123121004,0.09828816782476779,0.1049143873272016,0.1054665810624198,0.10215341865110972,0.10215341865110972,0.1087796381535433,0.1071230569478887,0.08282716451939875,0.09166205364251989,0.08282716451939875,0.07840971995783841,0.08006619584330732,0.08945327870164665,0.09607949820408046,0.06902263709949885,0.08006619584330732,0.09276644111295651,0.10104913650085923,0.1049143873272016,0.09663169193929844,0.09442291699842542,0.08890108496642823,0.09663169193929844,0.1004969427656408,0.09773597408954937,0.11319708271510409,0.122031971838225,0.11430147018554071,0.08006619584330732,0.0695748308347175,0.07730533248740201,0.0855880278753045,0.04914408391238401,0.06626166842340764,0.07399227539627784,0.07123130672018663,0.07123130672018663,0.08890108496642823,0.08669241534574113,0.0861402216105227,0.07288788792584122,0.06736605589384403,0.09607949820408046,0.10215341865110972,0.10270561238632792,0.10325780612154656,0.10822744441832532,0.09994474903042261,0.12092758436778839,0.12534502892934896,0.1281059976054404,0.14688016332211906,0.1424627187605585,0.15240199535411625,0.15240199535411625,0.15958030327158212,0.16620652277401593,0.15129760788367963,0.17007177360035808,0.1656543290387975,0.17614569404738756,0.18498058317050847,0.18995022146728746,0.18166752607938497,0.1794588564586972,0.16951957986513988,0.17393702442670045,0.16841519239470326,0.16123688447723716,0.17393702442670045,0.19657644096972104,0.2004416917960632,0.19602424723450285,0.20209827300171823,0.21258963801030806,0.22584207701517567,0.2214246324536151,0.2142462192159631,0.21976805124796028,0.22418549580952063,0.22473768954473905,0.2214246324536151,0.2147984129511813,0.2219767208686474,0.20541133009284196,0.20320266047215485,0.20706791129849678,0.21038096838962095,0.21093316212483915,0.20154607926650003,0.20375474888718714,0.2065157175632788,0.21093316212483915,0.20320266047215485,0.20320266047215485,0.20706791129849678,0.21203754959527576,0.21203754959527576,0.19823302217537608,0.18221971981460294,0.17338483069148203,0.17559360563235527,0.19491985976406645,0.19050241520250566,0.18829374558181833,0.19491985976406645
1954,-0.002050562729769334,0.0006835426386608834,0.005809982056190766,-0.0017088565966526525,-0.0017088565966526525,0.0112781927930512,0.0225563855861024,0.023239928224763506,0.023239928224763506,0.03007515905273217,0.029391681600284825,0.025974033593193724,0.02836636764229339,0.03178401564938471,0.027341053684301952,0.024606948315871735,0.019822280217672184,0.026315804912524277,0.03451812101781471,0.035885141108922936,0.036910455066914594,0.04306220844243591,0.045112771172205024,0.0488721904986269,0.05536565000726479,0.059125069333686664,0.05707450660391733,0.056049192645926116,0.05160629586705712,0.0382774751580226,0.029391681600284825,0.03793576902490603,0.04989743927040435,0.04545454249153558,0.04989743927040435,0.061175632063455776,0.06356803129876942,0.06254271734077776,0.06493505138987743,0.06664384280031621,0.05946684065301722,0.05502394387414822,0.04750510522130491,0.04477099985287469,0.04784687654063524,0.037252226386244924,0.01948050889834163,0.02665757623185483,0.03451812101781471,0.042378665803774807,0.04784687654063524,0.04853041917929635,0.050239210589734906,0.05399862991615678,0.06356803129876942,0.06903624203562964,0.06937801335496019,0.0751879302249372,0.0837320176495584,0.07894734955135907,0.08646618820420238,0.09364319035150159,0.09979494372702291,0.10731378237986644,0.11175661397252146,0.11722482470938189,0.11073136520074378,0.10423790569210567,0.10355436305344456,0.1097061164289661,0.11517432716582654,0.11961715875848156,0.11722482470938189,0.11654128207072079,0.10765548851298301,0.10321252654790025,0.10287082041478368,0.08954199970574939,0.0837320176495584,0.0878332082953106,0.09056731366374082,0.0994531072214786,0.09808615231658435,0.09808615231658435,0.0922761050741796,0.09159262762173226,0.09432673299016248,0.08954199970574939,0.08270676887778072,0.08646618820420238,0.10868073728476069,0.12166778667446465,0.11790836734804278,0.12850308268864707,0.1329460446537296,0.1339712934255073,0.14388246612745048,0.14627480017655015,0.14388246612745048,0.14730004894832782,0.14935067686431092,0.14285708698324506,0.1431989234887896,0.14764188545387213,0.16302113852024802,0.16951472840131387,0.18079285600815131,0.18045114987503452,0.17019827103997476,0.16165418361535377,0.16814764312399189,0.17874235846459596,0.1879698581554503,0.19343806889231074,0.1913875713487554,0.18557752410635064,0.18113469251369563,0.1821599412854733,0.1739575599939689,0.18113469251369563,0.19377990539785506,0.22761441859079512,0.2074504974262199,0.20915928883665869,0.2077922035593367,0.20881745233111437,0.1985645734960544,0.21086808024709724,0.22146279558770154,0.22146279558770154,0.22966504650677821,0.2559808514193025,0.2447025934400373,0.21394395693485802,0.19753932472427693,0.2074504974262199,0.2231715869981401,0.21941216767171845,0.2159945848508411,0.21086808024709724,0.2057415756433536,0.18181823515235673,0.1893369434327723,0.19480515416963273,0.20061520141203748,0.21120978638021404,0.21394395693485802,0.2136021204293137,0.22863979773500054,0.23000688301232253,0.236842048654077,0.25187972595976427,0.2549556026475248,0.25119618332110316,0.2453861360786982,0.2631578535666017,0.2631578535666017,0.2460696787173593,0.2559808514193025,0.2672591093985677,0.26965144344766734,0.2607655195175018,0.2607655195175018,0.2566643940579636,0.25905672810706326,0.2607655195175018,0.2593984342401796,0.25837318546840216,0.25153788945421973,0.24982909804378117,0.2563225575524193,0.2587150219739467,0.26965144344766734,0.2744361115458669,0.28229665633182677,0.2740942750403226,0.2501709345493255,0.23786742779828263,0.24572797258424273,0.22419683576991778,0.19480515416963273
1958,0.0013381216121060024,0.008920640600306173,0.009812636601509883,0.010704717676247144,0.014049979169745264,0.017395155589709832,0.012488879825721666,0.009143618332223546,0.012934835289556634,0.019625358276553095,0.006690437913462688,0.006021419644176573,0.009143618332223546,0.015834056245686234,0.02074041708320795,0.03322929690892962,0.03501337398487059,0.034790396252953215,0.04036577535976105,0.047502253810592476,0.05151653357337671,0.04727919100514133,0.05017841196127071,0.0524085295745802,0.05909905256157688,0.06913466689500392,0.06489740940030231,0.058429949218756994,0.06534344993767083,0.071587847313765,0.07404102773252585,0.06445136886293357,0.06623553101240831,0.0684656486257178,0.059322030293494254,0.05307763291740031,0.05486170999334128,0.05530775053071002,0.062221251249623855,0.06445136886293357,0.06467443166838471,0.06824267089380043,0.0684656486257178,0.06289026951890997,0.06489740940030231,0.07047278850711014,0.07448706826989437,0.07270290612041963,0.0698037702378238,0.07337200946323952,0.08073146564598854,0.07738628922602397,0.08474574540877278,0.08229256499001214,0.0918822238596042,0.10057980165445879,0.10057980165445879,0.1012489049972789,0.10169494553464764,0.09723462523449466,0.10526318476006336,0.11016946052405152,0.10548616249198073,0.10749330237337285,0.11217660040544342,0.11641394297367902,0.11462978082420427,0.1188670383189061,0.12332735861905908,0.13893843713282794,0.13893843713282794,0.13871545940091057,0.1384923965954592,0.14607491558365937,0.15120425415309846,0.14317569462752977,0.12801074172466342,0.13603921617669834,0.14763601492768275,0.14339875743298092,0.14339875743298092,0.13893843713282794,0.13670831951951823,0.13314008029410251,0.12444241742571394,0.12801074172466342,0.13893843713282794,0.14339875743298092,0.14473687904508692,0.14986621761452623,0.16034787248532223,0.1697145536229967,0.16547721105476132,0.17239071177367515,0.1815343301058987,0.1830954294499223,0.17818915368593413,0.18398751052465956,0.18733277201815768,0.18487959159939682,0.18644069094342042,0.1866636686753378,0.17528993272980475,0.16034787248532223,0.13782337832617308,0.15744873660272618,0.17038357189228304,0.17506686992435339,0.1699375313549143,0.1714986306989379,0.1719446712363064,0.1699375313549143,0.1699375313549143,0.17796609088048299,0.19223904778214584,0.18978586736338476,0.18688673148078916,0.1902319079007535,0.1946922282009067,0.20249772492102402,0.2076271485639971,0.20584298641452237,0.19781442688895368,0.19134696670740836,0.20673506748925963,0.2207850466590049,0.22502230415370672,0.2312667015298009,0.23639604009923976,0.2413024009367617,0.2397413015927381,0.22413022307896946,0.23550404409803627,0.24375558135552255,0.24397855908744015,0.23706514344205987,0.24041031986202444,0.24509370296762856,0.24464766243025982,0.24174844147413044,0.2426405225488677,0.24977700099969913,0.24821590165567553,0.24888491992496165,0.24375558135552255,0.24397855908744015,0.23015164272314603,0.2310437237978833,0.23661910290469113,0.2312667015298009,0.2328278008738245,0.22792152510983632,0.2223461460030285,0.21253342432798505,0.19491529100635785,0.2114183655213302,0.2120873837906161,0.20428188707049877,0.2136484831346399,0.21543264528411465,0.21074934725204408,0.21097232498396146,0.23773416171134598,0.23818020224871472,0.23728812117397724,0.23193580487262078,0.23416592248593027,0.23572702182995386,0.2428635002807853,0.2544602990317697,0.2566904166450792,0.25847457879455393,0.2535682179570322,0.25223018141846,0.2557984206438757,0.2566904166450792,0.262265795751887,0.2638268950959106,0.25022304153706787,0.26048171867594605,0.25758249771981667
1962,0.0062488541360299354,0.026649527053957955,0.03822830062282412,0.04410956685553202,0.03234696427989259,0.03933099422256703,0.051277355694755444,0.06101818974701079,0.06653186807639644,0.06285612926362183,0.06285612926362183,0.04355814994543694,0.03289838118998789,0.03694170790608453,0.04410956685553202,0.04392573784875897,0.03583901430634162,0.03767688371272904,0.04337439104888752,0.051277355694755444,0.06285612926362183,0.07020767699939467,0.06138577765033304,0.06561293337320273,0.06818597858623443,0.06138577765033304,0.0542179888111094,0.0569747929206903,0.058077556630656835,0.05770996872733458,0.05918032034062359,0.0705752649027167,0.0781106416452626,0.07774305374194035,0.08454325467784174,0.09115969671719393,0.08656495309100198,0.09869507345973982,0.09722479195667466,0.09501933464696521,0.09446791773686991,0.0804999279617451,0.0781106416452626,0.07847822954858485,0.08656495309100198,0.07627277223887541,0.06818597858623443,0.07259696331587695,0.0729645512191992,0.07425107382571516,0.07682411903874686,0.08141886266493858,0.07884581745190711,0.08233779736813229,0.08582984739458133,0.08491084258116421,0.08344056107809883,0.07590518433555316,0.06028301394036628,0.04080134583585582,0.0468663709651127,0.03197944648679418,0.024995416544119742,0.03418490379650363,0.019849326118056565,0.031060441673376626,0.032163205383343385,0.04208786844237178,0.04888806937827295,0.04888806937827295,0.051277355694755444,0.05201253150139995,0.048520481474950916,0.0466826120685635,0.052563878301271405,0.049071898385046,0.045579848358596964,0.03547142640301959,0.02168719552444376,0.010108421955577374,-0.016908622891478875,0.014703165581769317,0.005146090426063177,0.0023892863164824973,0.024076481840926256,0.039147235326017826,0.03877964742269557,0.049807004081466655,0.06138577765033304,0.0724131343091039,0.07902957634845631,0.07186178750923267,0.08031609895497227,0.09520309354351442,0.09281380722703192,0.10567910340241404,0.10218712348618886,0.10567910340241404,0.09943024926638411,0.11100902283525049,0.11762546487460268,0.13104210784985626,0.12773388683018005,0.13453408776608144,0.1417018766053051,0.14703179603814132,0.1442749218183368,0.13839365558562888,0.151258951761011,0.14666420813481906,0.15658887119384746,0.15897815751032995,0.14445875082510962,0.14537768552830332,0.1510751928644618,0.14721555493469052,0.14997242915449527,0.14629662023149703,0.14078294190211138,0.15015625816126832,0.1545671727806872,0.151258951761011,0.1510751928644618,0.15824298170368545,0.15658887119384746,0.1571402179937189,0.1597132632067504,0.1521778864642045,0.17110827787906757,0.17864358451138962,0.17845989572506427,0.18985477017693375,0.187097895957129,0.1893034233770623,0.191876468590094,0.19830908162267313,0.19665504122305877,0.1885682475704178,0.19702255901615717,0.19794156382957473,0.19977943323596192,0.2027201364625395,0.2060283574822157,0.20841757368847436,0.2115419657013775,0.2174232319340852,0.21723954314775984,0.21025544309486155,0.2166880561274407,0.21870975454060093,0.21613670932756923,0.21503401572782654,0.22036393516066277,0.21613670932756923,0.21613670932756923,0.2086014026952474,0.20988792530176315,0.21576919153447083,0.21944493034724544,0.22054776416743582,0.2225693223601486,0.2166880561274407,0.20988792530176315,0.2115419657013775,0.2030876542556379,0.20327148326241096,0.19481717181667157,0.1815842877379672,0.17809223771151816,0.18948725238383535,0.18985477017693375,0.191876468590094,0.19941191544286352,0.20069843804937926,0.20400665906905546,0.20694722207518557,0.21135827691505193,0.2056606994686696,0.21172579470815034,0.20584452847544266,0.20327148326241096
1966,0.010266730806161695,0.012744888580135783,0.027377858783451003,0.03115411206278962,0.03386833631027386,0.03198016465411446,0.025253710686761632,0.018409313515634018,0.024545691332191977,0.027613925256960936,0.02655180619212616,0.018763323192918735,0.009086668537551912,0.009204611741326918,0.007906606268942351,-0.010738683687221418,-0.012272845666095988,-0.007552506558677563,-0.011446793074771255,-0.013452907934705549,-0.02867595428881553,-0.028439887815305598,-0.018763233159938775,-0.009558621418611857,-0.008732568827287124,-0.011682769515301117,-0.014751003440070187,-0.01923527607397868,-0.020297395138813346,-0.018527256719408913,-0.023601605504112166,-0.03670050376153289,-0.04201082898676611,-0.05404760817935217,-0.06042005246942006,-0.07670521788836471,-0.0782392898342592,-0.06691052999624292,-0.07882936598505397,-0.09830061849956262,-0.12048618529453525,-0.10479109602638548,-0.09015812582307026,-0.0830776621784326,-0.08638187254373153,-0.09181023100571972,-0.09877266141360241,-0.10254891469294114,-0.09971674724168211,-0.08059941437147844,-0.07576113206028501,-0.06620251064167315,-0.05499169400743187,-0.056053813072266534,-0.06077415217968496,-0.06726453967352786,-0.08295962894167763,-0.0802454046941935,-0.08343167185571743,-0.0811894905222732,-0.07835732307101417,-0.09004009258631529,-0.09948077080115214,-0.09653057011313815,-0.11611985586440166,-0.11375973132718242,-0.11859801363837585,-0.12615052019705342,-0.13618127456268503,-0.12048618529453525,-0.11600182262764669,-0.09086614517764002,-0.09263628359704446,-0.09605852719909835,-0.08579179639293666,-0.07151283586690638,-0.07894730918882897,-0.08142555699578313,-0.07729520400617951,-0.07458106979167534,-0.06891664485617721,-0.060892095383459965,-0.053221555588027436,-0.05310361238425243,-0.053575655298292335,-0.04637715841689971,-0.04555110582557498,-0.049327359104913704,-0.04637715841689971,-0.04732115421199945,-0.03965070444954688,-0.03363226983676393,-0.03304219368596906,-0.03976864765332189,-0.03599239437398316,-0.027967844901265804,-0.03469429886861852,-0.041066743158686414,-0.05487375080365686,-0.05983006635160526,-0.05345762206153737,-0.045905115502859806,-0.04755722068550927,-0.05097946428756317,-0.05062545461027834,-0.05499169400743187,-0.05440170788961707,-0.05310361238425243,-0.04602314873961477,-0.03563838469669822,-0.03174409818060453,-0.030682069148749824,-0.020533371579343207,-0.023719548707887173,-0.024781667772721838,-0.03658247052477792,-0.03729048987934769,-0.04094879995491152,-0.04460701999749528,-0.03965070444954688,-0.03599239437398316,-0.038588585384712326,-0.044134977083455484,-0.04873728295411894,-0.05156945040537797,-0.052041493319417875,-0.051451507201602964,-0.04944530230868871,-0.03705451343881783,-0.03021002623471003,-0.022775552912787433,-0.022775552912787433,-0.014986979880600049,-0.00979459785914183,-0.002478157773974199,-0.005074348784703364,0.005900401376027986,0.012390878902850844,0.012744888580135783,0.015695089268149776,0.019471342547488613,0.020887471289608106,0.013098898257420721,0.012626855343380816,0.016757208332984552,0.02265760970901254,0.022067533558217667,0.019943385461528518,0.02348366230033716,0.030918135622259868,0.028793987525570497,0.026079763278086476,0.03516643181563839,0.030918135622259868,0.034104312750803834,0.03351432663298892,0.040476757040871725,0.041656819309481286,0.036818536998287854,0.03717254667557279,0.03139017853629955,0.030682069148749935,0.03198016465411446,0.03150821177305452,0.020297395138813235,0.02407364841815207,0.03469438890159848,0.04035881383709672,0.04189288578299122,0.03965070444954688,0.04035881383709672,0.041656819309481286,0.044725053234250245,0.048973349427628765,0.043544990965640684,0.042600905137560874,0.05251362626643763,0.06313427671690408,0.06502244837306348,0.06443237222226883,0.062072247685049486
1970,-0.007430362703411464,-0.015266107871727663,-0.017562759812487116,-0.014590573502293203,-0.01486082847889636,-0.0302620638389256,-0.037692426542336954,-0.013780014716630595,0.0005404068811327711,0.00580924513208636,0.007160313870955282,0.005403965739255057,0.01634702470606686,0.031342877601191255,0.049581274855186264,0.05093224052198164,0.03998928462724338,0.04066471592460452,0.05376929934387409,0.051337519914812946,0.04904086797405349,0.050661985545378485,0.05430970622500686,0.05471498561783816,0.05444483371330855,0.04052958843630283,0.04282634344913583,0.04269121596083436,0.04134025029403876,0.04404218162762974,0.029451505053263105,0.024317794290610983,0.018913828551355927,0.009997372692847506,0.0156714903366324,0.017697990372862238,0.029451505053263105,0.039719029650640225,0.05160767181934278,0.07052150037069871,0.09416376029187545,0.09592010842357546,0.09713594660206937,0.09537970154244269,0.10591737804434964,0.10132397109075719,0.09362335341074246,0.09375848089904415,0.1090245887707717,0.11902196146361943,0.12185902028551165,0.11848155458248644,0.11186175066473747,0.11483383390285806,0.10875443686624209,0.0991624466382992,0.10497169177038557,0.111726623176436,0.11618490264172698,0.1065929124137841,0.10591737804434964,0.1065929124137841,0.10321544671075888,0.11902196146361943,0.13361263803798606,0.1329371036685516,0.13888147628893943,0.13915162819346927,0.15049996655311215,0.16819785385390085,0.17333156461655275,0.17387197149768574,0.16117266747124726,0.1494191527908464,0.13712512815723943,0.13563903500214236,0.13739538313384259,0.14360990765876003,0.13861122131233627,0.12334511344060872,0.1299649173583577,0.13023517233496085,0.12645232416703078,0.13172116241798437,0.1255066378930667,0.12293983404777742,0.12712785853646524,0.12618217226250117,0.1246960791074041,0.128208672298731,0.13780066252667367,0.14009731446743334,0.13617944188327513,0.13780066252667367,0.14388005956328986,0.1455012802066884,0.14874361842141193,0.1368549762527096,0.12631729975080264,0.12456095161910241,0.12766826541759801,0.11848155458248644,0.12010277522588497,0.13104573112062323,0.1380708144312035,0.1453661527183867,0.14955417720707453,0.16090251556671764,0.17805999598637356,0.18170771666600194,0.19535270696640428,0.20102682461018917,0.2085923148019022,0.21507709430342303,0.20872744229020368,0.20967312856416798,0.21480683932681988,0.21940024628041255,0.21318572175549466,0.2112943492075665,0.2121049079932289,0.2164280599702184,0.21885983939927955,0.21507709430342303,0.2164280599702184,0.2172386187558808,0.22412867765023292,0.2306133540796802,0.24398819247555292,0.24655499632084243,0.24493387874951722,0.23142401593741635,0.2402054473796964,0.24763581008310798,0.24804108947593906,0.24547428563065,0.24263722680875777,0.25263449642953173,0.25047286890500065,0.25371531019179727,0.25682252091821955,0.261956334752945,0.2666847661227658,0.26695491802729543,0.27249401125485173,0.28181574650619146,0.28721971224544673,0.29140773673413456,0.28195087399449337,0.28627402597148266,0.29532560931829255,0.3026209476054762,0.30275607509377744,0.3054580064273682,0.3053229820111405,0.3095110064998281,0.31653608981040837,0.3173467516681443,0.31572553102474554,0.32275071740739936,0.3297758007179794,0.332883114516475,0.326668486919484,0.31802218296550544,0.30694409958246505,0.2931640848658348,0.298162668140185,0.3068090751662371,0.3099162858926594,0.30707922707076696,0.3104566927737922,0.31018654086926256,0.30978115840435794,0.3228857418236275,0.33693601151686114,0.3426101291606458,0.3436909429229116,0.3415294184704536,0.3427452566489475,0.34517703607800865,0.3605782714380379
1974,-0.003591676136745381,-0.003359992164644332,-0.023288084389892383,-0.023867426913032452,-0.030703209030742418,-0.06047968217308075,-0.05596100496215617,-0.07322442212483815,-0.07438301877586007,-0.03661216686478985,-0.029312928407619565,-0.040551501552574365,-0.03023984108654032,-0.029312928407619565,-0.03209357804912372,-0.02896535825183877,-0.01923295191368668,-0.015293705621160503,-0.0269956467103174,-0.04530177434034155,-0.0622175329519844,-0.06731546429079072,-0.08110300310514862,-0.0875912150670779,-0.08944504042491952,-0.08133468707724967,-0.06708378031868967,-0.04240523851515765,-0.054918294494814,-0.06314444563090527,-0.0760050717663423,-0.09060363707594143,-0.11099518564064992,-0.1159772307957766,-0.12327655764820522,-0.13602129759996262,-0.13161859496797612,-0.1483025812122597,-0.15652873234835085,-0.17101141147427024,-0.1639438569892009,-0.17807896595933959,-0.18016447528928237,-0.18908585513219334,-0.16405974317288063,-0.18294521332604485,-0.20414778838599457,-0.1788899924545807,-0.17251766667633117,-0.19221407492947828,-0.19777546260774503,-0.2057698413764768,-0.2270883910153645,-0.24458349215014752,-0.2323021201425921,-0.21932569621873377,-0.21538636153094926,-0.18792725848117142,-0.18734791595803135,-0.19568995327780225,-0.21191057157788362,-0.21712430070511135,-0.2299849268405484,-0.24759582576375272,-0.2638164440638341,-0.2655543832379961,-0.2656702252240466,-0.2784150093734331,-0.2777198248642425,-0.2474800279753313,-0.24875451081003297,-0.21422776487992745,-0.19140304843423706,-0.17576177265729587,-0.15722396105517067,-0.1722858943089718,-0.18514652044440894,-0.17541420250151507,-0.16255357636607803,-0.14841846739593934,-0.15270537223950442,-0.17703625549199742,-0.1864210032791105,-0.1875795999301324,-0.18792725848117142,-0.15618116219257017,-0.13903371960882627,-0.14378399239659345,-0.14401576476395284,-0.15328462636738627,-0.1297647696101345,-0.13393578827001995,-0.12860617295911259,-0.13208196291217822,-0.12930131327067407,-0.1464488442496763,-0.15015640657010132,-0.15351639873474565,-0.16684039281438479,-0.19742789245196424,-0.20982506224794095,-0.21330085220100659,-0.210056746220042,-0.2017147089002711,-0.20252573539551222,-0.19511061075466218,-0.18966510926007507,-0.18931753910429439,-0.21086777271528312,-0.22175877570445712,-0.21897803766769464,-0.23380837534465315,-0.2467847992685116,-0.23994901715080164,-0.22048429286975557,-0.21596570405408944,-0.21851466972349254,-0.22291737235547904,-0.2299849268405484,-0.2170084145214316,-0.21330085220100659,-0.21619738802619048,-0.22477110931806243,-0.23577799849091619,-0.22511876786910145,-0.21863046751191395,-0.22210634586023792,-0.22187457349287854,-0.2056540435880555,-0.18630511709543085,-0.18074381781242244,-0.17657279915253699,-0.17715214167567706,-0.18850651260905327,-0.17541420250151507,-0.15873012786197327,-0.16220600621029724,-0.16950524466746764,-0.16417562935656027,-0.16521833982390255,-0.17784728198723854,-0.17645691296885724,-0.18085970399610207,-0.16881010435590615,-0.1649866558518015,-0.15444322301840818,-0.12675234760127096,-0.11910553898831977,-0.10485454383450143,-0.1170200296583771,-0.10809864981546602,-0.09836633187257227,-0.10079941135829573,-0.08527402176503407,-0.08979261058070032,-0.08898158408545909,-0.09210980388274403,-0.08956083821334093,-0.07403544862007927,-0.06140650645674328,-0.05572932099005523,-0.06233341913566415,-0.0564244613016166,-0.04750316985396397,-0.04275280867093845,-0.0564244613016166,-0.07855403743574552,-0.06882163109759332,-0.06418724449350577,-0.05468661052271295,-0.03800253588317115,-0.03186189407702267,-0.027922559389238266,-0.030355638874961732,-0.023288084389892383,-0.015757161960620936,-0.0225929440783309,-0.03151432392124198,-0.029776384747079998,-0.017958469078985018,-0.0034757899530656333
1978,-0.00041855096426779426,-0.005022531740780045,-0.013602626932185835,-0.013079418269242638,-0.0071152067316853085,-0.0031390923167917695,0.0037668788479765514,0.007010549033009905,0.0071152067316853085,0.021031726929463535,0.02312440192036891,0.013602626932186057,0.026682045201428695,0.02574028557421748,0.022810508654776518,0.022496615389184127,0.03003037308513723,0.036727028852554744,0.041540245195984093,0.04635346153941344,0.05346866827109875,0.053259432704181764,0.07690696345706027,0.08308049039196841,0.08737049807245434,0.08349904135623598,0.08831225769966555,0.09343936730868707,0.08465003655036418,0.08778904903672213,0.08789370673539754,0.08663805384259393,0.09500891346708285,0.09950823654491958,0.09584601539561843,0.08705660480686195,0.0914512701860235,0.09772945481960682,0.09950823654491958,0.09762479712093142,0.08778904903672213,0.0818248374991648,0.08297583269329278,0.080778500003712,0.08485927211728117,0.09333470961001145,0.10264724903127753,0.10306579999554555,0.11740087115759157,0.11938896828025536,0.11949354614849672,0.11269223268240403,0.09971747211183679,0.08946325289379353,0.07994139807517642,0.07282619134349111,0.06445541154943601,0.066234193274749,0.0656063269131304,0.0658156423104812,0.07376795097070232,0.06372296731957583,0.06686197980593378,0.07293084904216651,0.07732551442132785,0.0735586355733513,0.07837185191678064,0.08056918460636142,0.08318506826020977,0.09438104710546424,0.09302081634441905,0.10275190672995294,0.09741548172358039,0.09511357116575825,0.0736632932720267,0.059537537507331484,0.05148057114843496,0.039342912506403316,0.024903183645682114,0.027309831732613477,0.020089967302252543,0.018206527878264378,0.0048132163434293496,-0.010254299048477078,-0.005336425006372325,-0.025321734609949687,0.013393311534835028,0.00041855096426779426,0.006382762501825123,-0.003976114414893761,-0.01799729231134728,-0.011719187508197448,-0.01203308077378984,-0.008370859624488802,-0.025531050007300604,-0.03222770577471823,-0.029925715386461937,-0.01946218077106776,-0.01203308077378984,-0.003348327883708757,-0.005859553838881704,-0.0009416797967772839,0.002301990388256181,0.004394665379161333,-0.004394665379161444,-0.019043629806799967,-0.009103303854348876,0.007429099997277699,0.006068869236232732,0.019566838469742942,0.020089967302252543,0.01579995962176639,0.011091321146578847,0.016113852887359004,0.010672770182311053,0.0051271096090217405,0.004917874042104753,-0.0025112259551732796,-0.022287299991833542,-0.013916520197778448,-0.009312539421266086,-0.008998646155673695,0.007742993262870312,0.020403860567845156,0.011405294242605057,0.007429099997277699,0.005650318271964938,0.012137738472465465,0.023333717317719715,0.0314952615448576,0.03725015768506412,0.03379725193311378,0.039342912506403316,0.03348327883708779,0.036936264419471954,0.045621017309553036,0.05357332596977393,0.040703143267448505,0.04091245866479931,0.04342368461997248,0.04373757788556487,0.045307124043960645,0.05263156634256316,0.04802766539648462,0.05880509327747108,0.0658156423104812,0.06257197212544763,0.057340204817750484,0.045621017309553036,0.04593491057514565,0.0411216942317163,0.026368072105402263,0.025949600971568065,0.0166370615503022,0.021764171159323942,0.024066161547580123,0.027519067299530464,0.03515748269415897,0.03452969616297419,0.033064807703253596,0.03243694134163522,0.04028459230318071,0.03662237115387956,0.028879377891009028,0.02312440192036891,0.02197340672624115,0.005859553838881704,0.007429099997277699,0.013916520197778226,0.014648964427638633,0.026054178839810094,0.024066161547580123,0.03003037308513723,0.04195879616025189,0.041540245195984093,0.04290047595702928,0.044679257682342044,0.04331902692129708,0.04488857307969285,0.05357332596977393,0.05744478268599251
1982,-0.0062824586169781815,0.003915144295793205,0.003459867495973601,-0.0020031067744269437,-0.010197602912771053,-0.019848859772661598,-0.023126658227999197,-0.02376400406845447,-0.020941482412936363,-0.009104980272496399,-0.002367314321185199,-0.003459936961459853,0.005554043523461782,0.005827181817158911,0.011290156087559344,0.00819449613834422,0.015569507930110582,0.014476885289836039,0.015023231342716548,0.012200640221711856,0.004825628429945272,-0.0036420060020957434,-0.019029444891570657,-0.019211513932206326,-0.024947695961790473,-0.007739219338524506,-0.01820996054499291,-0.03359739943446749,-0.04252024120084141,-0.05572250427525327,-0.061458616839350944,-0.06364386211990036,-0.0658290379349632,-0.06746793716263189,-0.054447812594342726,-0.05226263677927978,-0.007192942751130471,-0.011745432887378726,-0.006100320110855706,0.02904483983273276,0.05717926499679993,0.05025946053936625,0.07056359711184745,0.07939543909064684,0.06628424526929622,0.07129201220536396,0.08813621181638531,0.07666391722270327,0.09523808531445432,0.11699898260848207,0.10507148068046757,0.11262856151286971,0.110534454950868,0.10142947467837149,0.11299276905962774,0.1208230576512137,0.13165800640444014,0.12692337776206952,0.11581536018063243,0.1154511526338744,0.13702991142177923,0.12892648453649636,0.12728758530882778,0.12282616442564076,0.12555768629358455,0.12209774933212403,0.10743872553616596,0.09642170774230396,0.110534454950868,0.10634617236137811,0.11062552420392913,0.1469543760408536,0.17272148688373545,0.19320769249685243,0.22434670835707338,0.22407357006337625,0.2447419141826157,0.22525726195671236,0.21615228168421585,0.2449239137577648,0.2435582222892798,0.26768636443900595,0.2661385344643983,0.2640444279023968,0.2138760366160919,0.2244377081446478,0.23181271993641417,0.21633428125936494,0.21751797315270105,0.23345168862956966,0.25184378768068516,0.30082848707365395,0.2915415072260086,0.2943640288815266,0.27870345169835486,0.30219431747311254,0.2852590486090303,0.2906309536263696,0.2704178863069495,0.24765543562570835,0.23299641182975028,0.2558498622985659,0.2595829375537231,0.24756443583813392,0.2220704632889492,0.21032496093608377,0.21897480333973407,0.22807978361223058,0.22188832478282672,0.261312906034453,0.26304287451518316,0.26395342811482214,0.26276973622148625,0.29081309213249207,0.299462795605169,0.29126836893231145,0.27469723814950076,0.27078216331919447,0.27424196134968115,0.2510242338686206,0.23135758206756818,0.2319038586549622,0.25184378768068516,0.24055356212763912,0.2620413211279695,0.2640444279023968,0.27214785478767967,0.2944550286691012,0.28170811185999556,0.2859874637025468,0.27770189831114145,0.28052441996665944,0.2595829375537231,0.28708001687733486,0.292543060613222,0.3226805230862295,0.32186096927416497,0.3364289932825486,0.3273240130100523,0.33560957840145766,0.3268687362102327,0.3352453013892127,0.33588271669515457,0.33296905632108853,0.3226805230862295,0.3319675029338751,0.3097514677710014,0.2744240998558036,0.2906309536263696,0.28871884663951697,0.313575542813733,0.31576064916330915,0.3229536613799264,0.3016480408857185,0.30410628552899155,0.3134844040951852,0.3306018114653899,0.3377946847510338,0.3265955979165358,0.32022213951198286,0.342984590193224,0.344350281661709,0.3560046452960266,0.35026860219741573,0.34234717488728195,0.34243831360583,0.34753708032947217,0.32459249114210853,0.33651999307012326,0.3621051043378558,0.36337979601876635,0.3480833569168662,0.3737594679721734,0.38668852328740155,0.39743233332208017,0.3991623018028101,0.3991623018028101,0.3772192660026601,0.3918782897986184,0.3821360331511534,0.377037266427511
1986,0.0034574278015568893,0.00844251346124647,0.01326681563114862,0.01592020329511068,0.012261750123071957,-0.018855038746612762,-0.028744910337593188,-0.02379994386993789,-0.023036145613036907,-0.026212125627054217,-0.042735405033609064,-0.06062555880850928,-0.055198241871492804,-0.050936712588010025,-0.049770863590146264,-0.050253275403837394,-0.042454018590399434,-0.040484068110610116,-0.043378661681417574,-0.03425264969166819,-0.051177979839185817,-0.057047528053529195,-0.048846220499128123,-0.05073574856185892,-0.05560023126812552,-0.05125834091191417,-0.047077295389820306,-0.04784115499105135,-0.047037114853456186,-0.04768031015693419,-0.03240336350963191,-0.02170945178105599,-0.012342233884461096,-0.010010474544403403,-0.006392263253059194,-0.0054675588177108825,-0.008965228499962397,0.00414086498572952,0.0037388142447667416,0.005829367677979036,-0.003738875589097468,0.016483037525860444,0.018332385052227007,0.016483037525860444,0.016844846386128598,-0.0008844625546542417,0.005387136400651915,0.0204631190218032,0.006955036139478565,-0.0024121817571164383,-0.0043017098198471215,-0.0067540721133277914,-0.054514804687320395,-0.07264616436906601,-0.06754041441162362,-0.06842487696627764,-0.0685857218003949,-0.06605293708985582,-0.06645492648648821,-0.05551987019539717,-0.05254485420753108,-0.05009249191405052,-0.06798264568895063,-0.06637456541376008,-0.07570154142966046,-0.0700329572414683,-0.060866764715354904,-0.05958031276406828,-0.06042453343802778,-0.056122884962511055,-0.05761036228427907,-0.04848441163885986,-0.051821175142664155,-0.05330871380876234,-0.051579969235818535,-0.05375094508608924,-0.03996141441622447,-0.037026640309052894,-0.039800630926437375,-0.051338763328972914,-0.05170057218924118,-0.05017291433110904,-0.03803170581712956,-0.04213239026649507,-0.04008201736964734,-0.03811212823418808,-0.03135805612086073,-0.0202219131149578,-0.019136486534152897,-0.011819580190075563,-0.010211499914884903,-0.008683780712422484,-0.011538193746865821,-0.011940183143498428,-0.010492886358094533,-0.006673649696269046,-0.008442574805576974,-0.022995903732342615,-0.017045933100940713,-0.02223204413111135,-0.04808236089789708,-0.044544510679281335,-0.026895562811226736,-0.01157837428322983,-0.005186172374501141,-0.0022915788036936835,0.00012060295342264382,0.0019297085990948037,0.0012462714149221732,0.02114655620597583,0.020543541438861723,0.01728707766345572,0.009769207293227389,0.009729026756863046,0.0021709145059403134,0.008924986619267772,-0.0022915788036936835,-0.005588161771133748,-0.002130733969576415,0.0052262915665346465,-0.004743941097174242,-0.00787974057482721,0.003980020151612251,4.0180536364120556e-05,-0.009648665684135027,-0.008000343528249965,-0.007316906344077445,-0.016362495916768083,-0.021588848827633234,-0.026413150997535606,-0.009206434406808128,0.01386989174259301,0.016241831619014713,0.026493512070263625,0.03433301076439621,0.04016243978670575,0.046474157934045524,0.045067164373666646,0.05588167905566532,0.06733932769681172,0.0705153690551592,0.08281736105892579,0.0816113315246978,0.07678696801046514,0.1011899879918472,0.0858727994638504,0.08390278763973069,0.10054673134403891,0.10718013915961322,0.10251662047949783,0.10187336383168955,0.11140148790673199,0.10955207903603514,0.12422613360488421,0.13033688772607288,0.12583421388007476,0.11827610162915203,0.10585350667196258,0.11578355879930724,0.10806460171426724,0.12446733951172972,0.14774456834295147,0.14746324324407212,0.148066258011186,0.14770444915091763,0.13524161231303378,0.13725174332918733,0.14175441717518544,0.1375733103087613,0.14255851865711122,0.13773415514287857,0.14223682898887668,0.16032800813425796,0.16796648145790916,0.16852937703298942,0.15904149483864138,0.16933335582625442,0.16712226078394954,0.17078071395598848,0.16543381943603075,0.15876016973976181
1990,0.0010904681529368965,0.005340725431400184,0.007074347075900045,-0.0054525967631553485,0.0022090108048420376,0.005284747099110643,-0.0031876929588473546,0.01006628653738173,0.021838205553118994,0.02706705965276357,0.0316528455936691,0.027654234812037437,0.018426855263584452,0.021502676890676975,0.011128765524173856,-0.006487171916626622,-0.0051449719340342925,-0.001509964313813117,-0.004809443271592162,-0.011716026016271308,-0.005816114591742139,-0.004138385946707901,-0.0058999967573527545,-0.01719652661274773,-0.035707349374766384,-0.06487154850061694,-0.06375309118153538,-0.05391046197484051,-0.049464536531835135,-0.06182371603966952,-0.052540358158927214,-0.05100240467896944,-0.049129007869393115,-0.07057570642778022,-0.08332639293034627,-0.08142492162180148,-0.10001962654943075,-0.11486736719225998,-0.14140314468521586,-0.12896008301177087,-0.10119397686797815,-0.10147361253095444,-0.09350446546665958,-0.10882759526983088,-0.09806226224142034,-0.09658028709375177,-0.09294519414070701,-0.10393426983262821,-0.09571347627150173,-0.10066269470817024,-0.10231243418705982,-0.09811815524088607,-0.108995359601052,-0.11408443853562045,-0.11145601690272566,-0.10913513476612835,-0.11472750669436005,-0.12904396517738137,-0.12949136517157867,-0.1483097274298948,-0.13804768739514728,-0.14699551661344756,-0.15843190696674236,-0.14422731981547632,-0.11936918563473109,-0.11861424614423632,-0.1292677078408918,-0.12566060405399182,-0.12898807217791552,-0.12345159324914967,-0.14688364528169218,-0.16005365727948717,-0.17383891893552428,-0.16106032859963715,-0.15211249938133697,-0.1641640540600504,-0.16461145405424782,-0.14509413063772636,-0.12624777921326547,-0.11987247862839434,-0.12658339320853118,-0.12591225055082333,-0.1327069619637472,-0.14797419876745266,-0.15588736749945808,-0.14979170257756347,-0.14995946690878437,-0.14151501601697103,-0.1280093900239102,-0.1203478677887364,-0.1286525435154734,-0.1443391058144079,-0.13986527653808145,-0.12272464292479957,-0.10667447746445458,-0.11173556723287836,-0.10410203416384922,-0.11355315637581254,-0.11327352071283625,-0.10706598445918614,-0.11833461048126026,-0.11632135317378367,-0.1189217856405338,-0.11497915319119156,-0.1105332277481863,-0.11095263857623894,-0.11523079968802319,-0.09901295522928077,-0.0937561119634912,-0.08746469354423059,-0.07748228917245936,-0.07985906430852252,-0.08355005026103313,-0.08036235730218566,-0.08721304704739896,-0.0767273496819646,-0.07910412481802775,-0.08615048272778314,-0.08838748269877006,-0.07711885667669616,-0.07669936051581983,-0.07692310317933038,-0.07236530640456973,-0.07753826750474879,-0.07488185670570924,-0.0820400859472199,-0.08083774646252784,-0.07664346751635398,-0.0871850578812543,-0.09987976605153082,-0.10242430551881498,-0.11797109265267325,-0.11948105696648637,-0.12901606134406018,-0.12051563211995742,-0.1185582678119469,-0.1262198753799444,-0.12275254675812075,-0.11592984617905211,-0.08293488593561471,-0.07102310642197762,-0.0742946815464357,-0.08198419294775428,-0.07667145668249875,-0.06389286634661173,-0.06028576255971163,-0.060397633891466906,-0.06092891605127482,-0.046752232733329846,-0.03830778184151651,-0.04076843914319017,-0.025976591499826784,-0.017811690938166147,0.0012303286508368316,-0.0031038107932368497,0.004809443271592162,0.03061818510737435,0.022005969884339782,0.03184851375821118,0.018426855263584452,0.03196038508996635,0.03288317424450593,0.0209993838970135,0.020523994736671547,0.02242538071239264,0.02692728448768733,0.014484222814242331,0.028269399137455853,0.02639600232787953,0.03590301753930847,0.032715324580461225,0.053379179815032485,0.051841311667898404,0.0511142760107246,0.048429961378364084,0.04286549328345335,0.03467268888847164,0.047367397058748484,0.04437545759726658,0.0446271040940982,0.0404887181473903
1994,0.0043442574134802125,0.004726869145894597,0.004186679080597111,0.009251167017302553,0.011884662277141578,0.008530867802563291,0.008283303586473334,0.010038989990203806,0.02057310841258797,0.02226127105815645,0.024647202101905297,0.021585964785020728,0.016499014723270422,0.018772360375739927,0.019897802139452248,0.02246384233264287,0.020460523021308408,0.01868237449253307,0.022441311516084195,0.03148990725890011,0.03767983695931787,0.0366669118953713,0.038670231206705985,0.0318049952331525,0.028856343307547272,0.030657091344395315,0.03072461510255753,0.03608166019695647,0.03288544405526128,0.03977314215385963,0.038175034083011816,0.04668337106901643,0.047043520676386175,0.04254175362153689,0.04368965751029408,0.04062848888492332,0.04555792930530411,0.055731898120318535,0.053593531292659646,0.06646858781718912,0.06824680503747849,0.07157813738701213,0.07027258647385781,0.0650505888957833,0.06014361060044693,0.06210186827866426,0.06014361060044693,0.06498306513762109,0.05381863338370496,0.04938439008701767,0.052310579887578035,0.055214170180065913,0.06874200216117243,0.06059381478253756,0.05982852262619476,0.042969358295554816,0.03869269333175063,0.038265019966218894,0.03466366127555065,0.03725216359378636,0.04002070636994959,0.04630069064508824,0.04044837973548132,0.04150629774103143,0.039322937971769,0.02322913448898567,0.020820672628677928,0.018209639493883767,0.024377107069256665,0.0332455936626308,0.04843905747274713,0.047718758258007865,0.05294082452759641,0.055889476453201636,0.05557431978743543,0.0526481986783891,0.058545502529599336,0.050824988516496195,0.0464132760363678,0.037274625718831,0.03885027166463373,0.04130372646654501,0.048574104989071554,0.0664010640590269,0.06320484791733172,0.05435889214051626,0.050059696360153394,0.05321091956024526,0.04053843431020221,0.0423166515304918,0.048123900806981146,0.047561179925124986,0.04524277263953813,0.04069601264308531,0.04900177835460329,0.04672836401061997,0.04805637704881893,0.04344209329420412,0.0387152241483093,0.031579893142107185,0.013100158615574786,0.012740009008205266,0.018052129852514476,0.02226127105815645,0.024534685402139766,0.021203353052606344,0.010466663355735761,0.02032547550498398,0.020370537138101552,0.019897802139452248,0.015666198808765408,0.002656094767911732,0.006054882184093335,0.011704621819213612,0.013235206131899213,0.024084481220049136,0.02491729713455415,0.032705334905819505,0.030702084285998854,0.028878874124105947,0.03452854506771241,0.034686123400595514,0.03502374219140636,0.04096610767573394,0.037342149476993214,0.03803998656668761,0.03376325291136961,0.03340310330400009,0.03700453068618215,0.036171714771677355,0.036937006928020155,0.037274625718831,0.039187890455444796,0.03914289751384126,0.03909790457223772,0.048844200021720185,0.05651972109322001,0.058027774589346715,0.057262482433003914,0.05105009060754151,0.04616564312876381,0.04850658123090956,0.04859656711411642,0.052153001554695155,0.054133790049471164,0.058793135437203325,0.054561463415002676,0.05886065919536554,0.05881559756224797,0.06419524216471961,0.07738538666350125,0.08299013335701821,0.08224730332572028,0.08310265005678397,0.08085176652935933,0.08371036388024344,0.08413803724577518,0.08616381868215472,0.09064312361195914,0.09217370792464452,0.08485833646051444,0.08654649910608292,0.0918360891338339,0.09597770658131344,0.09867872559931468,0.0889999539079942,0.09705815540342222,0.09314157135547374,0.0919711366501581,0.09262391210673515,0.09309657841387042,0.0851959552513255,0.0874919004118675,0.08753689335347103,0.10196506500724478,0.10304544513783953,0.10943801480425774,0.10716460046027443,0.11511021656442288,0.11535778078051284,0.11675338626838783
1998,0.0034711690398356865,0.008155604189010957,0.004037914782108354,0.017072850662983363,0.015177824989174304,0.02483876986231426,0.022474500765425676,0.032852768687530176,0.02592805020655997,0.031037409542817862,0.03179894373208181,0.042770548938056985,0.04031774946487232,0.04844676211228505,0.0508908058339681,0.048544156335780686,0.03169268566138683,0.030816029554228574,0.009271367979157397,0.010201207169511894,0.015930495331238692,0.000850064565560249,-0.003604126747826397,0.012104988594823007,-0.007624313835535856,-0.014912233860285395,-0.050616350857879855,-0.04237210819687509,-0.03511088780942129,-0.0352703289633125,-0.04085790366554676,-0.05339689648604673,-0.03990158102929153,-0.04814571559459879,-0.058913668506383354,-0.04038855214676973,-0.024865469499609882,-0.027645907032079142,-0.033366439442304,-0.042540413197965865,-0.03643030389375834,-0.03225953949935689,-0.03992817257088965,-0.07676578105302934,-0.09044702110957636,-0.15230943214951975,-0.11956292153268455,-0.12291021290312398,-0.13018916098497668,-0.13760095867912236,-0.09370572805587074,-0.10898981111574002,-0.13202219377623892,-0.10645723701776078,-0.08816241854178475,-0.08111360620002328,-0.07420661541345197,-0.09777028842742586,-0.09668992597822823,-0.09332496096123877,-0.0882420850708816,-0.055956062125624095,-0.07665065913513502,-0.0748530276848215,-0.07136413095058702,-0.0710718401844026,-0.0994173425710475,-0.12653195924965144,-0.11217771538013677,-0.12461039608209301,-0.1281258843579256,-0.14044349718983618,-0.15039673282916055,-0.12830299915836685,-0.11650786688058079,-0.11908476021455694,-0.10958309435176194,-0.07242671165753722,-0.06451897090301628,-0.05923244271846839,-0.057868707398134434,-0.05256445151918776,-0.04498445691964881,-0.051900311553419454,-0.05043929010528736,-0.05662020209139229,-0.054185022216908685,-0.038387268402265584,-0.027105752831404706,-0.015656040355150558,-0.0163290441681182,-0.009395353744251156,0.00404677862930769,0.010387131769303837,0.0008146091767626817,-0.0009032476487564889,-0.007358722706647058,-0.010263254099907693,-0.0031525029234481527,0.005835546232421773,0.008890546836676672,0.01345986006795763,0.02065914162071336,0.03034678613114905,0.052183630376706924,0.04756124215792745,0.050997063904663076,0.05583196826483272,0.03041758881304646,0.04073391790045289,0.03716524654142406,0.018471933276417385,0.04202674244319193,0.05173200655232879,0.0461355680028952,0.04800400213510625,0.03164847452108743,0.032923571369427584,0.010555328674697106,0.02970912961128147,0.028921003880419294,0.04489581844765489,0.05202429731851321,0.06513879163278768,0.0657852039041571,0.08789671931719845,0.08588657172549485,0.08519584021812854,0.09964758640683624,0.09089864493395461,0.08850767619977029,0.08750703432751838,0.10227755472831124,0.1266824284606458,0.12437123435125619,0.12911760833512953,0.11919096423740316,0.09761084727353464,0.09308585327825059,0.07341838158689251,0.10093154710237595,0.10867098285580612,0.11276208072111071,0.09375885709121823,0.08493014099354212,0.0927138959829692,0.10894554592759187,0.10085188057327898,0.12051038032174044,0.13314676736573605,0.12726690189731737,0.11751731855218361,0.12644332077765785,0.10556279916835498,0.097513453050039,0.10138317092675408,0.07691625026402371,0.08347798339260937,0.1104774781533191,0.0893046657778318,0.09970066139433498,0.08390301567538949,0.09563615507062861,0.09735401189614779,0.12650536770805343,0.12565530314249318,0.10991959625824577,0.10249007086970119,0.09656588616528561,0.09464437704557604,0.08520470406532787,0.08715280472663567,0.10392460887193278,0.12945411024161335,0.1358829937579058,0.13332382811832844,0.13952246779883226,0.14912158193297165,0.14638524744510417,0.15760482418126687,0.15682556229760425
2002,-0.0008277550998279093,-0.02219776095172077,-0.04295201805276272,-0.036996309327429255,-0.0016251971732981207,-0.013789099953261386,-0.03816724238825753,-0.070833040163651,-0.06386782140402791,-0.06990430325447305,-0.07339701697640388,-0.09054753581588815,-0.08539937350614402,-0.11011065117186347,-0.14424009987033182,-0.17240373550134735,-0.19476298109144896,-0.14860092444872508,-0.15339580445534962,-0.13910198029086462,-0.09254622397654422,-0.08869012360937467,-0.07976663405757234,-0.10698138570701388,-0.12759430524207116,-0.15751437127025025,-0.13230841212358413,-0.11494588693512275,-0.085984809230637,-0.08277477064067562,-0.08766052811453107,-0.10743558820764143,-0.0716910466779942,-0.06096060501843248,-0.06245456896786494,-0.0403173724570175,-0.053712772738682246,-0.04167006045230759,-0.028203991387650396,-0.05025037204310934,-0.0430933556187475,-0.05634741833442747,-0.07345758141727687,-0.07352825020026943,-0.07527457625531364,-0.11368407640706368,-0.09815875474087732,-0.11254339476075081,-0.09763388345725743,-0.08850843028675515,-0.08182588665910162,-0.08195711988296717,-0.10471012675650748,-0.10178270168667358,-0.10048053540197976,-0.11822659430807636,-0.12232495243873853,-0.14871194898835216,-0.14662238336046518,-0.15842283788334743,-0.17296902415344417,-0.15240656471714076,-0.13697205890634312,-0.16481266364875446,-0.17701686057351018,-0.14407861523195087,-0.1642675836808961,-0.17331220211444454,-0.19185576470585342,-0.2073003132469281,-0.19390497457710565,-0.21590083352196832,-0.1884842414775112,-0.1567875363679302,-0.15060971695150038,-0.11040336903410997,-0.1318541480111144,-0.11249293466199695,-0.1072538948850219,-0.0917790949294317,-0.10142941938355388,-0.09539287592126655,-0.10916176719028936,-0.0938685989454765,-0.10135875060056154,-0.10951504949340907,-0.1008741734617341,-0.10587095547521652,-0.09052732713164968,-0.08306755011476441,-0.07596099378915666,-0.06751191542222057,-0.08882135683324022,-0.09680612835742963,-0.11553138427145793,-0.10870750307781973,-0.10913145416393166,-0.08718605531782297,-0.08157352455348987,-0.09113303315222332,-0.0947872315125351,-0.07721269997509672,-0.05741743119774789,-0.06065778281406675,-0.05831585508056791,-0.07806066375916287,-0.05225916454588442,-0.05484335004287577,-0.05664013619667396,-0.07055036503168155,-0.07375029927952359,-0.08488454495280107,-0.07915088530672176,-0.0995720071770404,-0.08700436199520345,-0.08648953344186061,-0.08990147403867976,-0.10211583691739701,-0.08099813155927393,-0.08847817887223974,-0.1004603267177413,-0.10739523245100668,-0.09577647125074396,-0.09414116973532671,-0.09909759599217438,-0.1019341435947776,-0.11632882634492814,-0.1123011369972583,-0.11186708156902703,-0.0823810709690792,-0.08282523073942971,-0.06221231120437243,-0.0683497748641676,-0.08147260435598203,-0.06366591939717015,-0.06366591939717015,-0.06498829436610232,-0.05953730985199246,-0.07310429911415739,-0.07675849747446895,-0.08969957203182188,-0.10399339619630676,-0.11334089844606321,-0.10427600971643403,-0.13046110425918978,-0.14451267066018203,-0.13334817357238904,-0.12747317636032485,-0.14740978270365834,-0.13621497258950765,-0.13155132580674866,-0.14378583575786208,-0.14843937819850184,-0.15393078008108863,-0.16247073591525574,-0.15613143186044487,-0.1629653557843601,-0.17358477290429486,-0.17490714787322703,-0.15722159179616146,-0.14078780351687803,-0.14688484980819627,-0.154990750214132,-0.14381614878421978,-0.15955341518754096,-0.15350682899497659,-0.16463097032613494,-0.1548089952796704,-0.15090243481374688,-0.15730236492127314,-0.17024350109046804,-0.16230925127687468,-0.17013247655084107,-0.16327828233084507,-0.18489060755807263,-0.1917043844095917,-0.18821167068766098,-0.1602398327213841,-0.1588568933115787,-0.1290580177769881,-0.1253634020481995
2006,-0.002097656442177853,0.005750741487459354,-0.001539796636748858,0.0009505769969764266,-0.0058057890254197275,-0.004344535826980356,-0.0003456294892154599,-0.011210901023663622,-0.024032278188391265,-0.02880894677852508,-0.030152336868683127,-0.02829040664306781,-0.010260228125053006,-0.01865075799213045,-0.025595666627123204,-0.009396058500380389,-0.0031346408114582003,-0.003511726036651064,-0.007597039746719991,0.00446239893526168,0.0029775539348393387,-0.0015319327027545349,0.003566773574611659,0.005813652959414162,0.005098706277366194,0.0022783351207800173,-0.0010920319072408313,-0.005436567734221298,-0.0008327138886952135,-0.004815892358471463,-0.0036610448809097917,0.00998527814015282,0.017723772797137105,0.019334248938201126,0.023121020861386565,0.01936570467417842,0.02038696117547012,0.015806795033561194,0.018218721130611293,0.017456590844597164,0.022712479900216298,0.02467654536612418,0.025532851056802475,0.024315092107285885,0.02996379425608664,0.03172358924140939,0.02151831275268279,0.016616013021907516,0.020465600515413795,0.02095268491489355,0.03152718269481869,0.03551026526296086,0.03410405960248197,0.03675947994845474,0.03795364709598825,0.035172499707739835,0.041096151841440776,0.035478905428617535,0.03292562032293733,0.042031000970428556,0.04987153496607144,0.05006007757866793,0.0518591922339624,0.04947872187288982,0.045919812232272594,0.04811173998074869,0.06075243846687428,0.06312504489395243,0.06027321800138874,0.06111389172571258,0.0632822276722056,0.06055603192028358,0.07067490103670626,0.07286682878518236,0.07556943273512129,0.07163343786931109,0.07300828369544665,0.07391954102245135,0.075207979476283,0.08182298649004904,0.08210580040894366,0.08590820429848378,0.09129758842873903,0.08207434467296637,0.08253793317209701,0.08254570120445748,0.07458740000216735,0.07421808280933484,0.07182984441590201,0.08399132243654206,0.08639528869796376,0.0886578959507549,0.08285210692533518,0.08487121992920343,0.0876366394494632,0.09455009234847855,0.09718192089246824,0.09968811829581647,0.10081937397139495,0.10026947400159436,0.1020843165248777,0.10466109753090702,0.10062296742480425,0.08570393381789865,0.08944352213711815,0.0994681199472427,0.10037160924188693,0.09729192006675524,0.10704156789197938,0.11147251109126377,0.11001125789282429,0.1056039064955232,0.10760719572976885,0.11012125706711129,0.1089585456555553,0.11025475214174718,0.11990226472667898,0.1211592474445331,0.11753752223359504,0.11994944833064514,0.11836246808993,0.11425365847951219,0.10833000634581103,0.11315376263827703,0.1209628408979424,0.11930518115291222,0.11425365847951219,0.11291803642171439,0.11428501831385551,0.10750506048947628,0.10996407428885813,0.10939058251707467,0.11154319059557882,0.11859023447086425,0.124018938271091,0.12493815543372433,0.12393253089878731,0.12059361960674386,0.12383825959248895,0.11790674352479358,0.12186633019258686,0.13140384360323143,0.11865314594281906,0.11730189191866658,0.11607626903515578,0.12251836540268002,0.1299189986028091,0.1359682818771517,0.13789312357472183,0.13679322773348668,0.13758671785384413,0.13917369809455926,0.13783030800440121,0.12977763959417876,0.1260930029112859,0.13464848358897674,0.1433218273749488,0.14450813058848788,0.1435103699875453,0.14676287390728482,0.1451523018645866,0.14417026913163267,0.14009281935555817,0.13866302189309643,0.09912249045802723,0.1052345893026907,0.10236713044377233,0.08979711146196201,0.07954465136926925,0.09627066356546354,0.09356805961552461,0.1013615059088353,0.1021078124252266,0.10506177455808285,0.08255356513845169,0.08979711146196201,0.09381164976608147,0.0896242008157202,0.10149509688510538,0.10847136535444135,0.1274050331671006
2010,0.002859362131449217,0.000819608016128015,-0.030222832421596624,-0.04003016030163942,-0.043140896177527366,-0.04760212641041017,-0.04249819342885608,-0.012498880130537016,-0.0032038498951983962,0.003976957747836796,0.004712774515818419,0.02016413079711521,0.020005871071986814,0.021225903478848895,-0.008205289240112323,-0.002272482317431712,0.009118124967882002,-0.003818584330377184,0.018608819705336677,0.02698180513407289,0.03848417198102516,0.037394430985798977,0.030213623342763674,0.025929355223503148,0.025994500929321207,0.04858948746132752,0.0435600798029212,0.049874779266338765,0.048542987297838014,0.044659143569311555,0.05038707691104305,0.0441189913034461,0.01469700766331794,0.009239207300684837,0.005178458304701872,0.005299540637504707,0.017556369794767157,0.019065180723055963,0.0018069122208796973,-0.0018627351555333682,-0.005895515838023946,-0.020322390522243494,-0.017099895084716654,-0.024653272497324852,-0.008475422219210604,-0.023069879399722715,-0.02268810055131687,0.006147116967125221,0.015283773785004229,0.028704812414474867,0.016904344274931704,0.023451885632790992,0.028397502043051137,0.033398941387965175,0.04490130823491745,0.04415616869577166,0.047853670693345896,0.04747189184493994,0.04833800002455746,0.06428300840822998,0.06155416507307909,0.05643164339536244,0.047630151570068335,0.06983403648250475,0.06377082445585702,0.06893052352589923,0.06616438910609168,0.0628766342704159,0.06757076324390598,0.05899290423422077,0.08108491589268718,0.08035842189586972,0.07857959168081385,0.08518295597332681,0.08534121569845521,0.08948586963491567,0.0972441206284731,0.09324863103063907,0.0954651767210859,0.10340044667443116,0.08588148165665199,0.09730938002662226,0.0992559064303018,0.10188231297497818,0.10424802300405145,0.10426666854637978,0.1012955468532919,0.10253433849481364,0.10205000916360185,0.10309313630300743,0.11165234977036431,0.11574106707983978,0.1372557490801154,0.14171692246683243,0.1392953895031055,0.13012144160056982,0.13506694431849864,0.13025184670453682,0.11690527655204819,0.11554551627005472,0.09746763975175043,0.09770048164619216,0.11455821206530303,0.11738960588325975,0.11562930751820111,0.09969362190569275,0.1161043140782485,0.10776861973416918,0.10624116326355204,0.09952603940940019,0.12329444449244797,0.13769346455550613,0.14065514978509874,0.13917430717030244,0.13976107329198872,0.1439801957054314,0.1483762233863306,0.1552683662002705,0.15532418913492418,0.1563766390454937,0.15045315489397737,0.1575688168311946,0.15853747549361796,0.1614898379520464,0.16849374032762499,0.17244272976196928,0.17051484890061785,0.17123202012627114,0.17213541939054533,0.17331827440508207,0.17154865326885926,0.1713251341455817,0.18457847658642867,0.18302305180231904,0.1889466496461667,0.1864225661996337,0.18423387513034828,0.18260398186925664,0.18700933232132,0.19770141392330864,0.19565245072915438,0.20448179717560966,0.2061396587501938,0.19393876621991635,0.19239266420697088,0.19527055818841732,0.2022464922505034,0.2025632390854224,0.20763914690731844,0.21034945839247232,0.18874166237288637,0.19785046456960398,0.2178468991780953,0.21453128972125834,0.21739053816037623,0.22090181211932958,0.22852044893008694,0.23366150245780082,0.2302248106681608,0.23114685547476332,0.23792723872706434,0.2408796011854928,0.23686546604533043,0.24460507149655952,0.2484330922904321,0.2508359797118309,0.2251581119250976,0.2176699939106388,0.21645917058260955,0.22929344309039412,0.2361296492773488,0.21667336693472294,0.21863853888073081,0.23962227769397382,0.23047629810493064,0.22021260920716879,0.2311002416189425,0.22942384819436112,0.2062234499983402,0.21476413161569985,0.20741562778404088
2014,0.001910868625069062,0.001537900599156261,0.008225940786897645,0.0088901731407387,0.014418395032514963,0.010438302294451862,0.0033159227534569347,0.007975590677196331,0.0038115710648161105,0.005288100336631629,0.010157266521080066,0.008205546047019174,0.01244110317206193,0.000459848370410354,0.010729504253145228,0.008384358644057954,0.013442565980102072,0.015220588134402746,0.015716174076526812,0.01079081321125086,0.011082077539179336,0.006504113313424265,0.006565422271529897,-0.013565121527078339,-0.016385458338411207,-0.009314221570200343,-0.01890947891377237,-0.01889413608193724,-0.02434576855300752,-0.013095106971346193,-0.01037181668983267,-0.011991483356208255,-0.005364752126572614,-0.0010422522877971963,-0.0011035612459028288,0.007418695776966633,0.012456446003896948,0.014965123747423092,0.0179591588785164,0.015930786614514414,0.02079483852168451,0.02186777647315208,0.02191885687670081,0.02019191512594909,0.023579375392068558,0.02302248049183886,0.022225401667229416,0.020656877773637783,0.025796788807666227,0.02264439818864772,0.015951181354392885,0.01965541496559786,0.02055465459730499,0.014469537805299026,0.013749110770630457,0.02133639059007897,0.02265967865124785,0.027661691306464675,0.02717121964161895,0.018940164577442742,0.01305425512235403,0.02098899395055831,0.004480855326700617,0.013095106971346082,0.010514954084392736,0.007699731550338207,-0.005650839807987529,-0.005645725530709189,0.00545674674834884,0.0038830462082435346,-0.01130174198521039,0.005962561245029585,-0.014822048722098025,-0.026103333598194722,-0.04214139529708527,-0.04062906608432093,-0.04840027277808667,-0.048262312030040055,-0.036000021455016906,-0.02718650010421897,-0.008144174719678321,-0.015384057899606285,-0.0032699566271865432,0.0037604282920322696,0.0022532133565462686,0.014219187695597713,0.012814133567209618,0.01912409145175986,0.031079837236254626,0.03095721932004314,0.028039773609655594,0.033900111678352385,0.03780361499570972,0.03816641683630051,0.04140568779981679,0.04213122911176348,0.04140057352253823,0.04195235414548981,0.042202704255190904,0.042969097416129864,0.0483236833573808,0.046749982817275715,0.048809040744948184,0.054301525065010514,0.057321069213260856,0.05610511860570333,0.05906853044236127,0.056375925824518225,0.04916155166174718,0.05585988277328058,0.05983492360330023,0.05860350542543746,0.060366309486373115,0.05267169221331325,0.052421342103611934,0.03521323355419925,0.03990863904965258,0.02304798950899567,0.016559219027406646,0.00792962455092594,0.028443427299238655,0.053141706769045394,0.05795461590343143,0.0619859137835137,0.06384052535852014,0.06369233605591673,0.0672127051620397,0.0681324019028604,0.06291072480161275,0.05195120280940979,0.05159357761533223,0.0323724396337528,0.023191064534320738,0.03509061563798799,0.05360660704749898,0.04475229621694421,0.03629640006022372,0.03362425255149426,0.027615725180194062,0.01811246245839815,0.03177980716180939,0.033379016719071286,0.038268577643398416,0.054122650098736846,0.0483339119119377,0.05102651652978074,0.036955518136786436,0.022961171533733005,0.03271478436523023,0.0192977897715203,0.03251040038179931,0.04741932944839533,0.04306620631518432,0.05380082484560811,0.05019875204150104,0.045738353823914,0.05690219743031277,0.05687151176664229,0.06706451585943629,0.07141252471536874,0.07312418600352033,0.07278689318008635,0.07164753199323459,0.07821301663399982,0.07788595236512252,0.08085959275633714,0.08003195300652766,0.07843779535730899,0.07524960479734166,0.08183542180875025,0.07692546614454465,0.07219937498542128,0.07348181119759789,0.058266337340473484,0.062440585507410606,0.04442018004002368,0.042417316793178506,0.05555327561351686,0.0491410945526336,0.06333982513911773,0.05980935221690831
2018,0.0007584033300001014,0.0038286874912705215,-0.001137604995000041,0.0074733916195983685,0.016018057153663223,0.02498237013354121,0.028542407760700383,0.021245719263498497,0.03018064164265244,0.03129245121744506,0.030232142603554335,0.03432597465793208,0.03656064898760625,0.032463131873198714,0.031483894579959815,0.03337981302544679,0.038320310091509935,0.04777069147724711,0.04459354057511744,0.03773869976341904,0.03176737456370238,0.036807278371052465,0.03572863433652662,0.04083109428486731,0.04566490436909709,0.04936470463884346,0.05232830181828052,0.052052191954597093,0.050535475174110056,0.04306208355451191,0.03888358499896549,0.045521276907454444,0.0375730518211117,0.04579001665107851,0.049265297897556515,0.051812932691210234,0.053988646060410206,0.053568998614597296,0.051787137271002814,0.05830699713805654,0.06642464510624935,0.06671181015002148,0.07279359727111423,0.06804076862802333,0.06818439608966598,0.06641727498618999,0.06342797226605845,0.059544008874343524,0.057198872623293484,0.059205252990156554,0.0631665127629808,0.06354571442798074,0.06916363338290488,0.06945816854673637,0.0635015835871382,0.06921153916329015,0.07055155282138093,0.07894531065325694,0.07854768368810872,0.07475584679713454,0.07335318711854022,0.06982262997161781,0.07277885703099574,0.07277148691093638,0.07667756066282916,0.07625045321744395,0.07701622666750318,0.06821756162993253,0.06231247763123626,0.06189274030591041,0.060387078705512076,0.02553827492093741,0.004439868179111128,0.018709139649933704,0.012693683609374284,0.034462142120002426,0.034200772496437715,0.019316635277744743,0.01894848879283373,0.014567491694683632,0.008975368159966912,-0.022166085475776254,-0.003953889652764886,-0.021212643602744774,-0.027633096728511553,-0.01239923832505574,-0.001682454602307426,0.008857625998044627,0.0024849887731499543,0.008099222668044526,0.014409213872435434,0.035923672879558,0.03332462700451533,0.023819059597846692,0.0036482993088444715,0.002160973129081478,-0.0054227905323797065,0.005113515128429835,0.007348189458103782,-0.009417215845470506,-0.02739752252515415,-0.024437610405746657,-0.030832268111306016,-0.01577879789027614,-0.012568571327392752,0.010116658214996521,0.00791146436555934,0.016146854495674434,0.027264950243600428,-0.005982380379805696,-0.007495501979775998,-0.030640824748791262,-0.02893266460578936,-0.029278700730522744,-0.024017873080420804,-0.024213001502965237,-0.04283756453124332,-0.0627211597764733,-0.0626401783353343,-0.07707150256794759,-0.09162802896205524,-0.11032979849192959,-0.13445076337366701,-0.0915249371607385,-0.08374595519721995,-0.08488356019221988,-0.07711194834876056,-0.0759412676930068,-0.09881794059791082,-0.06787521056522894,-0.06134061045805661,-0.052240040136595334,-0.048356076744880405,-0.044056150967382135,-0.04419600348948216,-0.049221167056713755,-0.03902721246060803,-0.03689194487222103,-0.02958060601441348,-0.01678751566375214,-0.030707155829324595,-0.028571888240937482,-0.02723546976336344,-0.018977969273070716,-0.02667587991593745,-0.028093279834650486,-0.012980848653146526,-0.004495054200042703,-0.0036004834079722547,0.0031513554819222467,0.007874613765263216,0.005632659195042633,-0.003777186530368626,-0.00310353958105003,-0.0023966372119519352,0.010462694339729905,0.013518328140394775,0.01083084082464092,0.021827419471102116,0.02335887649170787,0.02517749855608553,0.021562274907994894,0.028111615255285605,0.0293781074718098,0.02856442824136529,0.028004838393939302,0.025100202174976438,0.032168596709367225,0.028163206095700444,0.026999805680492983,0.020299557631013432,0.01200889160045393,0.00985160353140202,0.024662129429015245,0.027688282749443127,0.03483028860491366,0.033932032752813646,0.03908608354156917,0.04293688139301732,0.042800713930946976,0.03973033989016361
2022,0.010553814029047315,0.012154661141021261,0.015771256032602876,0.030971854346066863,0.03011586776735853,0.018241246840679404,0.008828748249909868,0.00433249686744519,0.0013208713933052785,0.020547483133736444,0.012012061206910118,0.03997222558316338,0.046103700271578285,0.056419718752426684,0.04656071661400807,0.04793711878219775,0.03584056824300119,0.06293429774143888,0.0758312395887859,0.09111639173021002,0.08803607836379124,0.08078715163629391,0.09768901682537323,0.09683573906495213,0.09505256268398998,0.09369737959238211,0.08905059530796544,0.1122371769056989,0.11145252254188276,0.1307055130127761,0.13519389592307363,0.13732315608804324,0.12909144428773422,0.1316539863872852,0.11705564867297569,0.0931505852724388,0.090704264376537,0.09388493301092371,0.10929952796906472,0.07192938033330853,0.06478351769206614,0.05304091940904421,0.04480927210440866,0.047939763104811295,0.036688557358195206,0.03244325864132391,0.051379317372632016,0.058329693627492185,0.07449192243285929,0.08586463802835187,0.0389155284685192,0.04243434791907297,0.030636347852513346,0.023234179404777233,0.03025059922930251,0.018637508258670943,0.0012020058670423328,-0.007235705114429503,-0.024343633980345336,-0.03443243420344877,-0.036479784863071796,-0.01752528036914225,-0.038281471502328634,-0.05277139198948255,-0.028253426203663445,0.001466180145703433,-0.0005547272877840514,-0.010794124908512837,-0.038495468147005774,-0.04569950588574623,-0.051920758551674884,-0.05504067226162335,-0.030504196217509327,-0.05344504929920291,-0.028380224697766798,-0.017276972026162518,-0.02383379568131816,-0.0315952050304561,-0.008619975754786458,0.0031595785491518313,0.01947762890169802,0.011946017637244788,0.005790744045307994,0.030559726992393843,0.022877518330315372,0.018682461743101397,-0.006786621739840459,-0.017300770929684517,-0.00391766069548527,0.005658656905977333,0.011288226263205914,-0.009724206180800943,0.04517122182409761,0.05482938443523322,0.04540366423139597,0.054512388199974726,0.04581050293984168,0.04257965667147112,0.04754085736420621,0.04347253477542212,0.057642879200377584,0.0638985080602823,0.06359737776070506,0.047170974676676636,0.04550401949936389,0.0778601444857876,0.07692495722001969,0.07563839752501722,0.05639069569935118,0.04117952009543302,0.039240457671618545,0.047057397795641,0.03936196752049481,0.05420332493255686,0.06188811342157541,0.05546079707881035,0.029156946093742198,0.017694452520736093,0.008527553454659165,0.00957373777452264,0.024584073851158017,0.009777092633072026,0.015702568140324002,0.011589356562783149,-0.000570593223465421,0.016880775103844448,0.014297142919058814,0.010239397620728896,0.017855562713142037,0.006002096367371479,0.028979969965654773,0.028190091452285237,0.03536504164227661,0.04866888669374281,0.05225104089567467,0.05645673926901629,0.054311613168365414,0.037903784838305477,0.029975912155860707,0.049461409529725886,0.06193042258339232,0.061174855768325376,0.06098201370455669,0.07266114824485337,0.07533726722543999,0.06139149673561595,0.07693289018786031,0.08818932008403002,0.10418502106041716,0.09275161503616025,0.08604161415643907,0.10002169634456592,0.08783265900956838,0.07822731835503016,0.08059430957252522,0.09296561168083728,0.09265912824035949,0.0956892639727942,0.08058108795945751,0.07759068156189941,0.05599443428135964,0.05433276774927376,0.059951759816047945,0.048782463574778445,0.05200537687530837,0.04881148662785395,0.043855574580345946,0.05177029014539647,0.06875400034414891,0.06948841257830751,0.053096450183928834,0.054586364737480686,0.03511937762191031,0.02013277595312357,0.01859261926991418,0.03537561893273078,0.028147782290468326,0.0462041200352199,0.034675518396874994,0.043903172387389944,0.057455325781835986
