event_session,closure,holiday,ret
1984-04-19,1984-04-20,Easter Monday + Good Friday,-0.006987929671223747
1984-05-04,1984-05-07,Early May Bank Holiday,-0.006570302233902758
1984-05-25,1984-05-28,Spring Bank Holiday,0.0037086577639842133
1984-08-24,1984-08-27,Summer Bank Holiday,0.005642378802785064
1984-12-24,1984-12-25,Boxing Day + Christmas Day,0.00041504110589007936
1984-12-31,1985-01-01,New Year's Day,0.005385097680653983
1985-04-04,1985-04-05,Easter Monday + Good Friday,0.002902377651519794
1985-05-03,1985-05-06,Early May Bank Holiday,0.0013750277761019891
1985-05-24,1985-05-27,Spring Bank Holiday,-0.008677280296012002
1985-08-23,1985-08-26,Summer Bank Holiday,0.0029014651979828443
1985-12-24,1985-12-25,Boxing Day + Christmas Day,0.002088452012854791
1985-12-31,1986-01-01,New Year's Day,-0.0007074137077467402
1986-03-27,1986-03-28,Easter Monday + Good Friday,0.009009023637532865
1986-05-02,1986-05-05,Early May Bank Holiday,0.007560529601027932
1986-05-23,1986-05-26,Spring Bank Holiday,0.011633709668429582
1986-08-22,1986-08-25,Summer Bank Holiday,0.00018666090907282218
1986-12-24,1986-12-25,Boxing Day + Christmas Day,0.0025287200374126684
1986-12-31,1987-01-01,New Year's Day,0.0035264027853423308
1987-04-16,1987-04-17,Easter Monday + Good Friday,0.01415049106915478
1987-05-01,1987-05-04,Early May Bank Holiday,0.008778346744696464
1987-05-22,1987-05-25,Spring Bank Holiday,0.0064076004740660775
1987-08-28,1987-08-31,Summer Bank Holiday,0.0017365314181843061
1987-12-24,1987-12-25,Boxing Day + Christmas Day,0.011121119397292212
1987-12-31,1988-01-01,New Year's Day,-0.026082522525572083
1988-03-31,1988-04-01,Easter Monday + Good Friday,-0.008196268549125363
1988-04-29,1988-05-02,Early May Bank Holiday,-0.0012192824276323622
1988-05-27,1988-05-30,Spring Bank Holiday,-0.0008962625959150206
1988-08-26,1988-08-29,Summer Bank Holiday,-0.005336479193669419
1988-12-23,1988-12-26,Boxing Day + Christmas Day,0.002996578828768248
1988-12-30,1989-01-02,New Year's Day,-0.005711460956351888
1989-03-23,1989-03-24,Easter Monday + Good Friday,0.00410031335708716
1989-04-28,1989-05-01,Early May Bank Holiday,0.0010871337529931857
1989-05-26,1989-05-29,Spring Bank Holiday,0.001731700366359501
1989-08-25,1989-08-28,Summer Bank Holiday,0.0017967508721057346
1989-12-22,1989-12-25,Boxing Day + Christmas Day,0.003824904377390581
1989-12-29,1990-01-01,New Year's Day,0.009963274077564588
1990-04-12,1990-04-13,Easter Monday + Good Friday,0.0029790555884676717
1990-05-04,1990-05-07,Early May Bank Holiday,0.012787507647620489
1990-05-25,1990-05-28,Spring Bank Holiday,-0.005050283038429693
1990-08-24,1990-08-27,Summer Bank Holiday,0.005493928840361484
1990-12-24,1990-12-25,Boxing Day + Christmas Day,-0.003742309130052135
1990-12-31,1991-01-01,New Year's Day,-0.007822580590480466
1991-03-28,1991-03-29,Easter Monday + Good Friday,-0.0032865768624910086
1991-05-03,1991-05-06,Early May Bank Holiday,-0.0031611807619846832
1991-05-24,1991-05-27,Spring Bank Holiday,-0.004712401700409763
1991-08-23,1991-08-26,Summer Bank Holiday,0.006747979859655029
1991-12-24,1991-12-25,Boxing Day + Christmas Day,0.01662829437360669
1991-12-31,1992-01-01,New Year's Day,0.030206651924070238
1992-04-16,1992-04-17,Easter Monday + Good Friday,-0.0006059592247605883
1992-05-01,1992-05-04,Early May Bank Holiday,0.0021476021861075445
1992-05-22,1992-05-25,Spring Bank Holiday,0.0048112509252404845
1992-08-28,1992-08-31,Summer Bank Holiday,0.00043260077770979066
1992-12-24,1992-12-25,Boxing Day + Christmas Day,3.540272324653593e-05
1992-12-31,1993-01-01,New Year's Day,0.004942630185348573
1993-04-08,1993-04-09,Easter Monday + Good Friday,-0.00010632111468134031
1993-04-30,1993-05-03,Early May Bank Holiday,0.009437364851197172
1993-05-28,1993-05-31,Spring Bank Holiday,-0.0051133321915649566
1993-08-27,1993-08-30,Summer Bank Holiday,0.0069499047881675935
1993-12-24,1993-12-27,Christmas Day,0.0046518618660753575
1993-12-31,1994-01-03,New Year's Day,-0.0030331738031588173
1994-03-31,1994-04-01,Easter Monday + Good Friday,-0.0019402406511048742
1994-04-29,1994-05-02,Early May Bank Holiday,-0.0014696487616682186
1994-05-27,1994-05-30,Spring Bank Holiday,-0.017650776464542606
1994-08-26,1994-08-29,Summer Bank Holiday,0.009554185563937834
1994-12-23,1994-12-26,Boxing Day + Christmas Day,-0.00268462300973904
1994-12-30,1995-01-02,New Year's Day,-3.265189622303488e-05
1995-04-13,1995-04-14,Easter Monday + Good Friday,-0.0003115458859703768
1995-05-26,1995-05-29,Spring Bank Holiday,-0.005137868447358196
1995-08-25,1995-08-28,Summer Bank Holiday,0.0013920177112927146
1995-12-22,1995-12-25,Boxing Day + Christmas Day,0.00688079697906141
1995-12-29,1996-01-01,New Year's Day,0.0034270127624187463
1996-04-04,1996-04-05,Easter Monday + Good Friday,0.008187699444422991
1996-05-03,1996-05-06,Early May Bank Holiday,-0.006567049393288116
1996-05-24,1996-05-27,Spring Bank Holiday,0.001361114933613461
1996-08-23,1996-08-26,Summer Bank Holiday,0.004214721269603983
1996-12-24,1996-12-25,Boxing Day + Christmas Day,0.0012967432206505425
1996-12-31,1997-01-01,New Year's Day,0.0006802742072147261
1997-03-27,1997-03-28,Easter Monday + Good Friday,0.0026502155861327648
1997-05-02,1997-05-05,Early May Bank Holiday,0.002384723882171036
1997-05-23,1997-05-26,Spring Bank Holiday,0.0021497055806063425
1997-08-22,1997-08-25,Summer Bank Holiday,-0.015447951455152653
1997-12-24,1997-12-25,Boxing Day + Christmas Day,-0.0071091733795913825
1997-12-31,1998-01-01,New Year's Day,0.000604024962052252
1998-04-09,1998-04-10,Easter Monday + Good Friday,0.008306877240233712
1998-05-01,1998-05-04,Early May Bank Holiday,0.013814841052030236
1998-05-22,1998-05-25,Spring Bank Holiday,0.0033694992369679433
1998-08-28,1998-08-31,Summer Bank Holiday,-0.02218498605872221
1998-12-24,1998-12-25,Boxing Day + Christmas Day,-0.007040280725368109
1998-12-30,1999-01-01,New Year's Day,-0.009913305115501148
1999-04-01,1999-04-02,Easter Monday + Good Friday,0.005512079867373787
1999-04-30,1999-05-03,Early May Bank Holiday,0.008403117587360454
1999-05-28,1999-05-31,Spring Bank Holiday,0.004306830439954945
1999-08-27,1999-08-30,Summer Bank Holiday,-0.0013627574310893786
1999-12-24,1999-12-27,Christmas Day,0.004382628404037581
1999-12-30,2000-01-03,New Year's Day,0.013794861586024387
2000-04-20,2000-04-21,Easter Monday + Good Friday,0.009102862432327274
2000-04-28,2000-05-01,Early May Bank Holiday,0.023967132577691785
2000-05-26,2000-05-29,Spring Bank Holiday,-0.00227892267656582
2000-08-25,2000-08-28,Summer Bank Holiday,0.001021838540872455
2000-12-22,2000-12-25,Boxing Day + Christmas Day,-0.0029433406916851146
2000-12-29,2001-01-01,New Year's Day,-0.00011251370525211524
2001-04-12,2001-04-13,Easter Monday + Good Friday,-0.003714517654714644
2001-05-04,2001-05-07,Early May Bank Holiday,0.01812411175203188
2001-05-25,2001-05-28,Spring Bank Holiday,-0.004411855860831926
2001-08-24,2001-08-27,Summer Bank Holiday,0.013972000804919782
2001-12-24,2001-12-25,Boxing Day + Christmas Day,0.003527621790638369
2001-12-31,2002-01-01,New Year's Day,-0.004768808268293845
2002-03-28,2002-03-29,Easter Monday + Good Friday,0.01094973962766388
2002-05-03,2002-05-06,Early May Bank Holiday,0.005604839383207105
2002-08-23,2002-08-26,Summer Bank Holiday,-0.010124786039078848
2002-12-24,2002-12-25,Boxing Day + Christmas Day,0.0013208858344109231
2002-12-31,2003-01-01,New Year's Day,0.010203508099026815
2003-04-17,2003-04-18,Easter Monday + Good Friday,0.008897779370943049
2003-05-02,2003-05-05,Early May Bank Holiday,0.01868508496566701
2003-05-23,2003-05-26,Spring Bank Holiday,-0.002681356013500835
2003-08-22,2003-08-25,Summer Bank Holiday,0.0005682259604000706
2003-12-24,2003-12-25,Boxing Day + Christmas Day,0.0008557483961177947
2003-12-31,2004-01-01,New Year's Day,0.0014540086215983905
2004-04-08,2004-04-09,Easter Monday + Good Friday,0.004699353074083756
2004-04-30,2004-05-03,Early May Bank Holiday,-0.006593606524504914
2004-05-28,2004-05-31,Spring Bank Holiday,-0.005141885629965093
2004-08-27,2004-08-30,Summer Bank Holiday,0.008127752330816973
2004-12-24,2004-12-27,Christmas Day,0.00217221252782962
2004-12-31,2005-01-03,New Year's Day,-0.0012033552937148473
2005-03-24,2005-03-25,Easter Monday + Good Friday,0.0024641776427363205
2005-04-29,2005-05-02,Early May Bank Holiday,0.002400734735732657
2005-05-27,2005-05-30,Spring Bank Holiday,-0.0017217757761701646
2005-08-26,2005-08-29,Summer Bank Holiday,-0.005251459678173087
2005-12-23,2005-12-26,Boxing Day + Christmas Day,-0.00026800071466859254
2005-12-30,2006-01-02,New Year's Day,-0.0034584893807506623
2006-04-13,2006-04-14,Easter Monday + Good Friday,0.004766047624836567
2006-04-28,2006-05-01,Early May Bank Holiday,-0.006089092795998341
2006-05-26,2006-05-29,Spring Bank Holiday,0.019955228488647503
2006-08-25,2006-08-28,Summer Bank Holiday,0.0016186467843330998
2006-12-22,2006-12-25,Boxing Day + Christmas Day,0.0010187758928343893
2006-12-29,2007-01-01,New Year's Day,-0.003236692086604709
2007-04-05,2007-04-06,Easter Monday + Good Friday,0.005121939506123052
2007-05-04,2007-05-07,Early May Bank Holiday,0.01007990342221099
2007-05-25,2007-05-28,Spring Bank Holiday,0.0007768026283223595
2007-08-24,2007-08-27,Summer Bank Holiday,0.0037438389643384973
2007-12-24,2007-12-25,Boxing Day + Christmas Day,0.0070250239109141965
2007-12-31,2008-01-01,New Year's Day,-0.0030878970343146683
2008-03-20,2008-03-21,Easter Monday + Good Friday,-0.009088268439163216
2008-05-02,2008-05-05,Early May Bank Holiday,0.021060272933128843
2008-05-23,2008-05-26,Spring Bank Holiday,-0.015254997327391662
2008-08-22,2008-08-25,Summer Bank Holiday,0.025213194558731056
2008-12-24,2008-12-25,Boxing Day + Christmas Day,-0.009257495851444975
2008-12-31,2009-01-01,New Year's Day,0.009447492010560055
2009-04-09,2009-04-10,Easter Monday + Good Friday,0.014826124359158088
2009-05-01,2009-05-04,Early May Bank Holiday,-0.0001178217067624443
2009-05-22,2009-05-25,Spring Bank Holiday,0.004556392748245264
2009-08-28,2009-08-31,Summer Bank Holiday,0.008111882530122072
2009-12-24,2009-12-25,Boxing Day + Christmas Day,0.005584096594691834
2009-12-31,2010-01-01,New Year's Day,0.0027788584952246342
2010-04-01,2010-04-02,Easter Monday + Good Friday,0.011497253955335074
2010-04-30,2010-05-03,Early May Bank Holiday,-0.011481363210234186
2010-05-28,2010-05-31,Spring Bank Holiday,-0.0013089568665488605
2010-08-27,2010-08-30,Summer Bank Holiday,0.008883256663129169
2010-12-24,2010-12-27,Christmas Day,0.002134688293896847
2010-12-31,2011-01-03,New Year's Day,-0.01190756952876404
2011-04-21,2011-04-22,Easter Monday + Good Friday,-0.0006641980854036333
2011-04-28,2011-05-02,Early May Bank Holiday,0.00028010068497130725
2011-05-27,2011-05-30,Spring Bank Holiday,0.009845247805432722
2011-08-26,2011-08-29,Summer Bank Holiday,-0.00023390604152284666
2011-12-23,2011-12-26,Boxing Day + Christmas Day,0.010207109274784631
2011-12-30,2012-01-02,New Year's Day,0.0009880003220825717
2012-04-05,2012-04-06,Easter Monday + Good Friday,0.0034889707399348158
2012-05-04,2012-05-07,Early May Bank Holiday,-0.01933548331976709
2012-05-25,2012-05-28,Spring Bank Holiday,0.00026165909388553565
2012-08-24,2012-08-27,Summer Bank Holiday,0.0
2012-12-24,2012-12-25,Boxing Day + Christmas Day,0.0023906052714646187
2012-12-31,2013-01-01,New Year's Day,-0.004657929947535333
2013-03-28,2013-03-29,Easter Monday + Good Friday,0.0037729502924099823
2013-05-03,2013-05-06,Early May Bank Holiday,0.009410714450364566
2013-05-24,2013-05-27,Spring Bank Holiday,-0.0063463148428375415
2013-08-23,2013-08-26,Summer Bank Holiday,0.007011152026118461
2013-12-24,2013-12-25,Boxing Day + Christmas Day,0.002335833472305815
2013-12-31,2014-01-01,New Year's Day,0.0026444065017507956
2014-04-17,2014-04-18,Easter Monday + Good Friday,0.006242156701775192
2014-05-02,2014-05-05,Early May Bank Holiday,0.0019826991428311125
2014-05-23,2014-05-26,Spring Bank Holiday,-0.0007037933466294
2014-08-22,2014-08-25,Summer Bank Holiday,-0.0003541600477784401
2014-12-24,2014-12-25,Boxing Day + Christmas Day,0.0017731664218920695
2014-12-31,2015-01-01,New Year's Day,0.0029173816490377646
2015-04-02,2015-04-03,Easter Monday + Good Friday,0.0035244878478595254
2015-05-01,2015-05-04,Early May Bank Holiday,0.003649096627789783
2015-05-22,2015-05-25,Spring Bank Holiday,0.0025950232141584983
2015-08-28,2015-08-31,Summer Bank Holiday,0.009027762006419637
2015-12-24,2015-12-25,Boxing Day + Christmas Day,0.0021791536061928074
2015-12-31,2016-01-01,New Year's Day,-0.005068502649587803
2016-03-24,2016-03-25,Easter Monday + Good Friday,-0.014937667757818573
2016-04-29,2016-05-02,Early May Bank Holiday,-0.012732506839714164
2016-05-27,2016-05-30,Spring Bank Holiday,0.0008138929754115676
2016-08-26,2016-08-29,Summer Bank Holiday,0.003109946693688581
2016-12-23,2016-12-26,Boxing Day + Christmas Day,0.0006370598801723748
2016-12-30,2017-01-02,New Year's Day,0.003159979301038396
2017-04-13,2017-04-14,Easter Monday + Good Friday,-0.002911947522622138
2017-04-28,2017-05-01,Early May Bank Holiday,-0.004601267350641813
2017-05-26,2017-05-29,Spring Bank Holiday,0.003977267191686229
2017-08-25,2017-08-28,Summer Bank Holiday,-0.0007560445494751988
2017-12-22,2017-12-25,Boxing Day + Christmas Day,-0.0014860342829431383
2017-12-29,2018-01-01,New Year's Day,0.008513807497825931
2018-03-29,2018-03-30,Easter Monday + Good Friday,0.0016891992581413717
2018-05-04,2018-05-07,Early May Bank Holiday,0.008583563339500833
2018-05-25,2018-05-28,Spring Bank Holiday,0.0017623607281336273
2018-08-24,2018-08-27,Summer Bank Holiday,0.0018907082079306914
2018-12-24,2018-12-25,Boxing Day + Christmas Day,-0.00523718893792946
2018-12-31,2019-01-01,New Year's Day,-0.0008761363741832673
2019-04-18,2019-04-19,Easter Monday + Good Friday,-0.0015258258458049623
2019-05-03,2019-05-06,Early May Bank Holiday,0.003985729564459639
2019-05-24,2019-05-27,Spring Bank Holiday,0.006458331532637196
2019-08-23,2019-08-26,Summer Bank Holiday,-0.004657584579952245
2019-12-24,2019-12-25,Boxing Day + Christmas Day,0.001128088769883684
2019-12-31,2020-01-01,New Year's Day,-0.005891604794605043
2020-04-09,2020-04-10,Easter Monday + Good Friday,0.029061062459096343
2020-05-22,2020-05-25,Spring Bank Holiday,-0.003657340567274181
2020-08-28,2020-08-31,Summer Bank Holiday,-0.006066650390625039
2020-12-24,2020-12-25,Boxing Day + Christmas Day,0.0009699025767702096
2020-12-31,2021-01-01,New Year's Day,-0.014536716728195231
2021-04-01,2021-04-02,Easter Monday + Good Friday,0.003530104070321949
2021-04-30,2021-05-03,Early May Bank Holiday,0.0011922437244127337
2021-05-28,2021-05-31,Spring Bank Holiday,0.0004131091447019397
2021-08-27,2021-08-30,Summer Bank Holiday,0.00322807017543858
2021-12-24,2021-12-27,Christmas Day,-0.00016270965009279603
2021-12-31,2022-01-03,New Year's Day,-0.0024989868972038476
2022-04-14,2022-04-15,Easter Monday + Good Friday,0.004696087295991802
2022-04-29,2022-05-02,Early May Bank Holiday,0.004714204099372399
2022-08-26,2022-08-29,Summer Bank Holiday,-0.007005680609744158
2022-12-23,2022-12-26,Boxing Day + Christmas Day,0.0004953871727277903
2022-12-30,2023-01-02,New Year's Day,-0.008119583959714016
2023-04-06,2023-04-07,Easter Monday + Good Friday,0.010270288835226626
2023-04-28,2023-05-01,Early May Bank Holiday,0.004979825260954307
2023-05-26,2023-05-29,Spring Bank Holiday,0.007436406991898181
2023-08-25,2023-08-28,Summer Bank Holiday,0.0006817933802523157
2023-12-22,2023-12-25,Boxing Day + Christmas Day,0.0003638614392287298
2023-12-29,2024-01-01,New Year's Day,0.0013596280749541556
2024-03-28,2024-03-29,Easter Monday + Good Friday,0.002597087450359359
2024-05-03,2024-05-06,Early May Bank Holiday,0.005053694684473031
2024-05-24,2024-05-27,Spring Bank Holiday,-0.0025902467181015965
2024-08-23,2024-08-26,Summer Bank Holiday,0.004802099986426223
2024-12-24,2024-12-25,Boxing Day + Christmas Day,0.004233132642294191
2024-12-31,2025-01-01,New Year's Day,0.006403152321142747
2025-04-17,2025-04-18,Easter Monday + Good Friday,1.2154519581475398e-05
2025-05-02,2025-05-05,Early May Bank Holiday,0.011722129298910033
2025-05-23,2025-05-26,Spring Bank Holiday,-0.002437243848308679
2025-08-22,2025-08-25,Summer Bank Holiday,0.0013105524703016513
2025-12-24,2025-12-25,Boxing Day + Christmas Day,-0.0018707276255535144
2025-12-31,2026-01-01,New Year's Day,-0.0009355281323024656
2026-04-02,2026-04-03,Easter Monday + Good Friday,0.006898348385625752
2026-05-01,2026-05-04,Early May Bank Holiday,-0.001435562333110152
2026-05-22,2026-05-25,Spring Bank Holiday,0.0021831574364437056
2026-08-28,2026-08-31,Summer Bank Holiday,0.0029464725214269905
